event_name,venue,start_date,start_time,end_time,type,estimate_attendence,source_url,attendance_source_url,latitude,longitude,h3_index
"""Những chiếc cổng"" - Cuộc đối thoại giữa quá khứ và hiện tại",Văn Miếu - Quốc Tử Giám,01/08/26,09:00,09:00,cultural_event,,https://vanmieu.gov.vn/vi/events/event-calendar/ended-events/%22Nh%E1%BB%AFng-chi%E1%BA%BFc-c%E1%BB%95ng%22-Cu%E1%BB%99c-%C4%91%E1%BB%91i-tho%E1%BA%A1i-gi%E1%BB%AFa-qu%C3%A1-kh%E1%BB%A9-v%C3%A0-hi%E1%BB%87n-t%E1%BA%A1i,,21.036900,105.835100,88415cb4adfffff
KHAI MẠC TRIỂN LÃM “QUỐC TỬ GIÁM TRONG NGHỆ THUẬT” TẠI VĂN MIẾU - QUỐC TỬ GIÁM,Văn Miếu - Quốc Tử Giám,01/08/26,09:00,17:00,cultural_event,,https://vanmieu.gov.vn/vi/events/event-calendar/ended-events/KHAI-M%E1%BA%A0C-TRI%E1%BB%82N-L%C3%83M-%E2%80%9CQU%E1%BB%90C-T%E1%BB%AC-GI%C3%81M-TRONG-NGH%E1%BB%86-THU%E1%BA%ACT%E2%80%9D-T%E1%BA%A0I-V%C4%82N-MI%E1%BA%BEU-QU%E1%BB%90C-T%E1%BB%AC-GI%C3%81M,,21.036900,105.835100,88415cb4adfffff
VĂN MIẾU - QUỐC TỬ GIÁM NHỮNG NĂM 1975 QUA NÉT CỌ CỦA HỌA SĨ TRỊNH HỮU NGỌC,Văn Miếu - Quốc Tử Giám,01/08/26,09:00,17:00,cultural_event,,https://vanmieu.gov.vn/vi/events/event-calendar/ended-events/V%C4%82N-MI%E1%BA%BEU-QU%E1%BB%90C-T%E1%BB%AC-GI%C3%81M-NH%E1%BB%AENG-N%C4%82M-1975-QUA-N%C3%89T-C%E1%BB%8C-C%E1%BB%A6A-H%E1%BB%8CA-S%C4%A8-TR%E1%BB%8ANH-H%E1%BB%AEU-NG%E1%BB%8CC,,21.036900,105.835100,88415cb4adfffff
VĂN MIẾU – QUỐC TỬ GIÁM QUA NÉT VẼ CỦA HAI  HỌA SĨ QUỐC TẾ,,01/08/26,09:00,17:00,cultural_event,,https://vanmieu.gov.vn/vi/events/event-calendar/ended-events/V%C4%82N-MI%E1%BA%BEU-%E2%80%93-QU%E1%BB%90C-T%E1%BB%AC-GI%C3%81M-QUA-N%C3%89T-V%E1%BA%BC-C%E1%BB%A6A-HAI-H%E1%BB%8CA-S%C4%A8-QU%E1%BB%90C-T%E1%BA%BE,,,,
“DẤU XƯA VĂN MIẾU – QUỐC TỬ GIÁM QUA NÉT CỌ CỦA CÁC HỌA SĨ PHÁP”,"Tiền Đường, khu Thái Học, Văn Miếu - Quốc Tử Giám",01/08/26,09:00,09:00,cultural_event,,https://vanmieu.gov.vn/vi/events/event-calendar/ended-events/%E2%80%9CD%E1%BA%A4U-X%C6%AFA-V%C4%82N-MI%E1%BA%BEU-%E2%80%93-QU%E1%BB%90C-T%E1%BB%AC-GI%C3%81M-QUA-N%C3%89T-C%E1%BB%8C-C%E1%BB%A6A-C%C3%81C-H%E1%BB%8CA-S%C4%A8-PH%C3%81P%E2%80%9D,,21.036900,105.835100,88415cb4adfffff
PHAO CỨU SINH CONCERT - HƯƠNG TRÀM,Cung Thể Thao Điền Kinh Mỹ Đình,01/08/26,20:00,23:00,concert,10000,https://ticketbox.vn/phao-cuu-sinh-concert-huong-tram-26323,https://vnexpress.net/phao-cuu-sinh-cua-huong-tram-5104230.html,21.063600,105.763900,88415ca61bfffff
Lễ hội 'Tự hào đặc sản Việt',"hệ thống GO!, Tops Market và Mini Go! trên toàn quốc, khai mạc tại Đại siêu thị GO! Thăng Long, Hà Nội",01/09/26,00:00,23:59,festival,,https://lehoivietnam.com.vn/vi/su-kien/6471-e6471-le-hoi-tu-hao-dac-san-viet-proud-of-vietnamese-specialities-festival,,21.013600,105.798900,88415cb491fffff
Triển lãm Dấu ấn vàng son - Những mảnh ghép văn hóa Việt Nam thế kỷ 10,"số 47 Hàng Dầu, Hà Nội",01/09/26,00:00,23:59,exhibition,,https://lehoivietnam.com.vn/vi/su-kien/6622-e6622-trien-lam-dau-an-vang-son-nhung-manh-ghep-van-hoa-viet-nam-the-ky-10,,21.031824,105.853884,88415cb4e5fffff
KHAI MẠC TRIỂN LÃM “NGÀN NĂM DI SẢN” TẠI VĂN MIẾU - QUỐC TỬ GIÁM,"Nhà Tiền Đường, khu Thái Học, di tích Văn Miếu – Quốc Tử Giám",01/09/26,16:00,17:00,cultural_event,,https://vanmieu.gov.vn/vi/events/event-calendar/ended-events/KHAI-M%E1%BA%A0C-TRI%E1%BB%82N-L%C3%83M-%E2%80%9CNG%C3%80N-N%C4%82M-DI-S%E1%BA%A2N%E2%80%9D-T%E1%BA%A0I-V%C4%82N-MI%E1%BA%BEU-QU%E1%BB%90C-T%E1%BB%AC-GI%C3%81M,,21.036900,105.835100,88415cb4adfffff
LỄ HỘI COSPLAY,khu vui chơi Nhà Chen - Ước Mơ Xanh,02/08/26,00:00,23:59,festival,,https://ticketbox.vn/le-hoi-cosplay-26383,,21.037800,105.832100,88415cb4a1fffff
"""Những chiếc cổng"" - Cuộc đối thoại giữa quá khứ và hiện tại",Văn Miếu - Quốc Tử Giám,02/08/26,09:00,09:00,cultural_event,,https://vanmieu.gov.vn/vi/events/event-calendar/ended-events/%22Nh%E1%BB%AFng-chi%E1%BA%BFc-c%E1%BB%95ng%22-Cu%E1%BB%99c-%C4%91%E1%BB%91i-tho%E1%BA%A1i-gi%E1%BB%AFa-qu%C3%A1-kh%E1%BB%A9-v%C3%A0-hi%E1%BB%87n-t%E1%BA%A1i,,21.036900,105.835100,88415cb4adfffff
KHAI MẠC TRIỂN LÃM “QUỐC TỬ GIÁM TRONG NGHỆ THUẬT” TẠI VĂN MIẾU - QUỐC TỬ GIÁM,Văn Miếu - Quốc Tử Giám,02/08/26,09:00,17:00,cultural_event,,https://vanmieu.gov.vn/vi/events/event-calendar/ended-events/KHAI-M%E1%BA%A0C-TRI%E1%BB%82N-L%C3%83M-%E2%80%9CQU%E1%BB%90C-T%E1%BB%AC-GI%C3%81M-TRONG-NGH%E1%BB%86-THU%E1%BA%ACT%E2%80%9D-T%E1%BA%A0I-V%C4%82N-MI%E1%BA%BEU-QU%E1%BB%90C-T%E1%BB%AC-GI%C3%81M,,21.036900,105.835100,88415cb4adfffff
VĂN MIẾU - QUỐC TỬ GIÁM NHỮNG NĂM 1975 QUA NÉT CỌ CỦA HỌA SĨ TRỊNH HỮU NGỌC,Văn Miếu - Quốc Tử Giám,02/08/26,09:00,17:00,cultural_event,,https://vanmieu.gov.vn/vi/events/event-calendar/ended-events/V%C4%82N-MI%E1%BA%BEU-QU%E1%BB%90C-T%E1%BB%AC-GI%C3%81M-NH%E1%BB%AENG-N%C4%82M-1975-QUA-N%C3%89T-C%E1%BB%8C-C%E1%BB%A6A-H%E1%BB%8CA-S%C4%A8-TR%E1%BB%8ANH-H%E1%BB%AEU-NG%E1%BB%8CC,,21.036900,105.835100,88415cb4adfffff
VĂN MIẾU – QUỐC TỬ GIÁM QUA NÉT VẼ CỦA HAI  HỌA SĨ QUỐC TẾ,,02/08/26,09:00,17:00,cultural_event,,https://vanmieu.gov.vn/vi/events/event-calendar/ended-events/V%C4%82N-MI%E1%BA%BEU-%E2%80%93-QU%E1%BB%90C-T%E1%BB%AC-GI%C3%81M-QUA-N%C3%89T-V%E1%BA%BC-C%E1%BB%A6A-HAI-H%E1%BB%8CA-S%C4%A8-QU%E1%BB%90C-T%E1%BA%BE,,,,
“DẤU XƯA VĂN MIẾU – QUỐC TỬ GIÁM QUA NÉT CỌ CỦA CÁC HỌA SĨ PHÁP”,"Tiền Đường, khu Thái Học, Văn Miếu - Quốc Tử Giám",02/08/26,09:00,09:00,cultural_event,,https://vanmieu.gov.vn/vi/events/event-calendar/ended-events/%E2%80%9CD%E1%BA%A4U-X%C6%AFA-V%C4%82N-MI%E1%BA%BEU-%E2%80%93-QU%E1%BB%90C-T%E1%BB%AC-GI%C3%81M-QUA-N%C3%89T-C%E1%BB%8C-C%E1%BB%A6A-C%C3%81C-H%E1%BB%8CA-S%C4%A8-PH%C3%81P%E2%80%9D,,21.036900,105.835100,88415cb4adfffff
"LIVESHOW SECRET GARDEN - THE GATE: Quốc Thiên, Lân Nhã, Phương Linh",NHÀ HÁT HỒ GƯƠM,02/08/26,20:00,22:00,concert,,https://ticketbox.vn/liveshow-secret-garden-the-gate-quoc-thien-lan-nha-phuong-linh-26070,,21.028500,105.852700,88415cb4e5fffff
Lễ hội 'Tự hào đặc sản Việt',"hệ thống GO!, Tops Market và Mini Go! trên toàn quốc, khai mạc tại Đại siêu thị GO! Thăng Long, Hà Nội",02/09/26,00:00,23:59,festival,,https://lehoivietnam.com.vn/vi/su-kien/6471-e6471-le-hoi-tu-hao-dac-san-viet-proud-of-vietnamese-specialities-festival,,21.013600,105.798900,88415cb491fffff
Triển lãm Dấu ấn vàng son - Những mảnh ghép văn hóa Việt Nam thế kỷ 10,"số 47 Hàng Dầu, Hà Nội",02/09/26,00:00,23:59,exhibition,,https://lehoivietnam.com.vn/vi/su-kien/6622-e6622-trien-lam-dau-an-vang-son-nhung-manh-ghep-van-hoa-viet-nam-the-ky-10,,21.031824,105.853884,88415cb4e5fffff
KHAI MẠC TRIỂN LÃM “NGÀN NĂM DI SẢN” TẠI VĂN MIẾU - QUỐC TỬ GIÁM,"Nhà Tiền Đường, khu Thái Học, di tích Văn Miếu – Quốc Tử Giám",02/09/26,16:00,17:00,cultural_event,,https://vanmieu.gov.vn/vi/events/event-calendar/ended-events/KHAI-M%E1%BA%A0C-TRI%E1%BB%82N-L%C3%83M-%E2%80%9CNG%C3%80N-N%C4%82M-DI-S%E1%BA%A2N%E2%80%9D-T%E1%BA%A0I-V%C4%82N-MI%E1%BA%BEU-QU%E1%BB%90C-T%E1%BB%AC-GI%C3%81M,,21.036900,105.835100,88415cb4adfffff
Triển lãm Quốc Tử Giám Thăng Long với truyền thống hiếu học Hưng Yên tại Bảo tàng Hưng Yên,Bảo tàng Hưng Yên,03/07/26,08:00,17:00,cultural_event,,https://vanmieu.gov.vn/vi/events/event-calendar/ended-events/Exhibition-of-Th%C4%83ng-Long-Imperial-Academy-with-H%C6%B0ng-Y%C3%AAn's-Tradition-of-Love-for-Learning-at-H%C6%B0ng-Y%C3%AAn-Museum,,20.646500,106.051500,8841435437fffff
LỚP HỌC XƯA – NƠI NHỮNG NÉT CHỮ KỂ CHUYỆN VỀ ĐẠO HỌC,Văn Miếu - Quốc Tử Giám,03/08/26,08:00,12:00,workshop,,https://vanmieu.gov.vn/vi/events/event-calendar/ended-events/L%E1%BB%9AP-H%E1%BB%8CC-X%C6%AFA-%E2%80%93-N%C6%A0I-NH%E1%BB%AENG-N%C3%89T-CH%E1%BB%AE-K%E1%BB%82-CHUY%E1%BB%86N-V%E1%BB%80-%C4%90%E1%BA%A0O-H%E1%BB%8CC,,21.036900,105.835100,88415cb4adfffff
"""Những chiếc cổng"" - Cuộc đối thoại giữa quá khứ và hiện tại",Văn Miếu - Quốc Tử Giám,03/08/26,09:00,09:00,cultural_event,,https://vanmieu.gov.vn/vi/events/event-calendar/ended-events/%22Nh%E1%BB%AFng-chi%E1%BA%BFc-c%E1%BB%95ng%22-Cu%E1%BB%99c-%C4%91%E1%BB%91i-tho%E1%BA%A1i-gi%E1%BB%AFa-qu%C3%A1-kh%E1%BB%A9-v%C3%A0-hi%E1%BB%87n-t%E1%BA%A1i,,21.036900,105.835100,88415cb4adfffff
"HỌC SINH TRUNG TÂM HY VỌNG TỈNH LẠNG SƠN TRẢI NGHIỆM CHƯƠNG TRÌNH ""ĐI TÌM LINH VẬT TRÊN KIẾN TRÚC CỔ VĂN MIẾU""",Văn Miếu - Quốc Tử Giám,03/08/26,09:00,09:00,workshop,,https://vanmieu.gov.vn/vi/events/event-calendar/ended-events/H%E1%BB%8CC-SINH-TRUNG-T%C3%82M-HY-V%E1%BB%8CNG-T%E1%BB%88NH-L%E1%BA%A0NG-S%C6%A0N-TR%E1%BA%A2I-NGHI%E1%BB%86M-CH%C6%AF%C6%A0NG-TR%C3%8CNH-%22%C4%90I-T%C3%8CM-LINH-V%E1%BA%ACT-TR%C3%8AN-KI%E1%BA%BEN-TR%C3%9AC-C%E1%BB%94-V%C4%82N-MI%E1%BA%BEU%22,,21.036900,105.835100,88415cb4adfffff
KHAI MẠC TRIỂN LÃM “QUỐC TỬ GIÁM TRONG NGHỆ THUẬT” TẠI VĂN MIẾU - QUỐC TỬ GIÁM,Văn Miếu - Quốc Tử Giám,03/08/26,09:00,17:00,cultural_event,,https://vanmieu.gov.vn/vi/events/event-calendar/ended-events/KHAI-M%E1%BA%A0C-TRI%E1%BB%82N-L%C3%83M-%E2%80%9CQU%E1%BB%90C-T%E1%BB%AC-GI%C3%81M-TRONG-NGH%E1%BB%86-THU%E1%BA%ACT%E2%80%9D-T%E1%BA%A0I-V%C4%82N-MI%E1%BA%BEU-QU%E1%BB%90C-T%E1%BB%AC-GI%C3%81M,,21.036900,105.835100,88415cb4adfffff
VĂN MIẾU - QUỐC TỬ GIÁM NHỮNG NĂM 1975 QUA NÉT CỌ CỦA HỌA SĨ TRỊNH HỮU NGỌC,Văn Miếu - Quốc Tử Giám,03/08/26,09:00,17:00,cultural_event,,https://vanmieu.gov.vn/vi/events/event-calendar/ended-events/V%C4%82N-MI%E1%BA%BEU-QU%E1%BB%90C-T%E1%BB%AC-GI%C3%81M-NH%E1%BB%AENG-N%C4%82M-1975-QUA-N%C3%89T-C%E1%BB%8C-C%E1%BB%A6A-H%E1%BB%8CA-S%C4%A8-TR%E1%BB%8ANH-H%E1%BB%AEU-NG%E1%BB%8CC,,21.036900,105.835100,88415cb4adfffff
VĂN MIẾU – QUỐC TỬ GIÁM QUA NÉT VẼ CỦA HAI  HỌA SĨ QUỐC TẾ,,03/08/26,09:00,17:00,cultural_event,,https://vanmieu.gov.vn/vi/events/event-calendar/ended-events/V%C4%82N-MI%E1%BA%BEU-%E2%80%93-QU%E1%BB%90C-T%E1%BB%AC-GI%C3%81M-QUA-N%C3%89T-V%E1%BA%BC-C%E1%BB%A6A-HAI-H%E1%BB%8CA-S%C4%A8-QU%E1%BB%90C-T%E1%BA%BE,,,,
“DẤU XƯA VĂN MIẾU – QUỐC TỬ GIÁM QUA NÉT CỌ CỦA CÁC HỌA SĨ PHÁP”,"Tiền Đường, khu Thái Học, Văn Miếu - Quốc Tử Giám",03/08/26,09:00,09:00,cultural_event,,https://vanmieu.gov.vn/vi/events/event-calendar/ended-events/%E2%80%9CD%E1%BA%A4U-X%C6%AFA-V%C4%82N-MI%E1%BA%BEU-%E2%80%93-QU%E1%BB%90C-T%E1%BB%AC-GI%C3%81M-QUA-N%C3%89T-C%E1%BB%8C-C%E1%BB%A6A-C%C3%81C-H%E1%BB%8CA-S%C4%A8-PH%C3%81P%E2%80%9D,,21.036900,105.835100,88415cb4adfffff
Lễ hội 'Tự hào đặc sản Việt',"hệ thống GO!, Tops Market và Mini Go! trên toàn quốc, khai mạc tại Đại siêu thị GO! Thăng Long, Hà Nội",03/09/26,00:00,23:59,festival,,https://lehoivietnam.com.vn/vi/su-kien/6471-e6471-le-hoi-tu-hao-dac-san-viet-proud-of-vietnamese-specialities-festival,,21.013600,105.798900,88415cb491fffff
KHAI MẠC TRIỂN LÃM “NGÀN NĂM DI SẢN” TẠI VĂN MIẾU - QUỐC TỬ GIÁM,"Nhà Tiền Đường, khu Thái Học, di tích Văn Miếu – Quốc Tử Giám",03/09/26,16:00,17:00,cultural_event,,https://vanmieu.gov.vn/vi/events/event-calendar/ended-events/KHAI-M%E1%BA%A0C-TRI%E1%BB%82N-L%C3%83M-%E2%80%9CNG%C3%80N-N%C4%82M-DI-S%E1%BA%A2N%E2%80%9D-T%E1%BA%A0I-V%C4%82N-MI%E1%BA%BEU-QU%E1%BB%90C-T%E1%BB%AC-GI%C3%81M,,21.036900,105.835100,88415cb4adfffff
Chillpark: Liveshow Thanh Xuân Của Tôi,Nhà Hát Âu Cơ,04/07/26,19:30,22:00,concert,,https://ticketbox.vn/live-show-thanh-xuan-cua-toi-26210,,21.028500,105.852700,88415cb4e5fffff
"""Những chiếc cổng"" - Cuộc đối thoại giữa quá khứ và hiện tại",Văn Miếu - Quốc Tử Giám,04/08/26,09:00,09:00,cultural_event,,https://vanmieu.gov.vn/vi/events/event-calendar/ended-events/%22Nh%E1%BB%AFng-chi%E1%BA%BFc-c%E1%BB%95ng%22-Cu%E1%BB%99c-%C4%91%E1%BB%91i-tho%E1%BA%A1i-gi%E1%BB%AFa-qu%C3%A1-kh%E1%BB%A9-v%C3%A0-hi%E1%BB%87n-t%E1%BA%A1i,,21.036900,105.835100,88415cb4adfffff
"HỌC SINH TRUNG TÂM HY VỌNG TỈNH LẠNG SƠN TRẢI NGHIỆM CHƯƠNG TRÌNH ""ĐI TÌM LINH VẬT TRÊN KIẾN TRÚC CỔ VĂN MIẾU""",Văn Miếu - Quốc Tử Giám,04/08/26,09:00,09:00,workshop,,https://vanmieu.gov.vn/vi/events/event-calendar/ended-events/H%E1%BB%8CC-SINH-TRUNG-T%C3%82M-HY-V%E1%BB%8CNG-T%E1%BB%88NH-L%E1%BA%A0NG-S%C6%A0N-TR%E1%BA%A2I-NGHI%E1%BB%86M-CH%C6%AF%C6%A0NG-TR%C3%8CNH-%22%C4%90I-T%C3%8CM-LINH-V%E1%BA%ACT-TR%C3%8AN-KI%E1%BA%BEN-TR%C3%9AC-C%E1%BB%94-V%C4%82N-MI%E1%BA%BEU%22,,21.036900,105.835100,88415cb4adfffff
KHAI MẠC TRIỂN LÃM “QUỐC TỬ GIÁM TRONG NGHỆ THUẬT” TẠI VĂN MIẾU - QUỐC TỬ GIÁM,Văn Miếu - Quốc Tử Giám,04/08/26,09:00,17:00,cultural_event,,https://vanmieu.gov.vn/vi/events/event-calendar/ended-events/KHAI-M%E1%BA%A0C-TRI%E1%BB%82N-L%C3%83M-%E2%80%9CQU%E1%BB%90C-T%E1%BB%AC-GI%C3%81M-TRONG-NGH%E1%BB%86-THU%E1%BA%ACT%E2%80%9D-T%E1%BA%A0I-V%C4%82N-MI%E1%BA%BEU-QU%E1%BB%90C-T%E1%BB%AC-GI%C3%81M,,21.036900,105.835100,88415cb4adfffff
VĂN MIẾU - QUỐC TỬ GIÁM NHỮNG NĂM 1975 QUA NÉT CỌ CỦA HỌA SĨ TRỊNH HỮU NGỌC,Văn Miếu - Quốc Tử Giám,04/08/26,09:00,17:00,cultural_event,,https://vanmieu.gov.vn/vi/events/event-calendar/ended-events/V%C4%82N-MI%E1%BA%BEU-QU%E1%BB%90C-T%E1%BB%AC-GI%C3%81M-NH%E1%BB%AENG-N%C4%82M-1975-QUA-N%C3%89T-C%E1%BB%8C-C%E1%BB%A6A-H%E1%BB%8CA-S%C4%A8-TR%E1%BB%8ANH-H%E1%BB%AEU-NG%E1%BB%8CC,,21.036900,105.835100,88415cb4adfffff
VĂN MIẾU – QUỐC TỬ GIÁM QUA NÉT VẼ CỦA HAI  HỌA SĨ QUỐC TẾ,,04/08/26,09:00,17:00,cultural_event,,https://vanmieu.gov.vn/vi/events/event-calendar/ended-events/V%C4%82N-MI%E1%BA%BEU-%E2%80%93-QU%E1%BB%90C-T%E1%BB%AC-GI%C3%81M-QUA-N%C3%89T-V%E1%BA%BC-C%E1%BB%A6A-HAI-H%E1%BB%8CA-S%C4%A8-QU%E1%BB%90C-T%E1%BA%BE,,,,
“DẤU XƯA VĂN MIẾU – QUỐC TỬ GIÁM QUA NÉT CỌ CỦA CÁC HỌA SĨ PHÁP”,"Tiền Đường, khu Thái Học, Văn Miếu - Quốc Tử Giám",04/08/26,09:00,09:00,cultural_event,,https://vanmieu.gov.vn/vi/events/event-calendar/ended-events/%E2%80%9CD%E1%BA%A4U-X%C6%AFA-V%C4%82N-MI%E1%BA%BEU-%E2%80%93-QU%E1%BB%90C-T%E1%BB%AC-GI%C3%81M-QUA-N%C3%89T-C%E1%BB%8C-C%E1%BB%A6A-C%C3%81C-H%E1%BB%8CA-S%C4%A8-PH%C3%81P%E2%80%9D,,21.036900,105.835100,88415cb4adfffff
Lễ hội 'Tự hào đặc sản Việt',"hệ thống GO!, Tops Market và Mini Go! trên toàn quốc, khai mạc tại Đại siêu thị GO! Thăng Long, Hà Nội",04/09/26,00:00,23:59,festival,,https://lehoivietnam.com.vn/vi/su-kien/6471-e6471-le-hoi-tu-hao-dac-san-viet-proud-of-vietnamese-specialities-festival,,21.013600,105.798900,88415cb491fffff
KHAI MẠC TRIỂN LÃM “NGÀN NĂM DI SẢN” TẠI VĂN MIẾU - QUỐC TỬ GIÁM,"Nhà Tiền Đường, khu Thái Học, di tích Văn Miếu – Quốc Tử Giám",04/09/26,16:00,17:00,cultural_event,,https://vanmieu.gov.vn/vi/events/event-calendar/ended-events/KHAI-M%E1%BA%A0C-TRI%E1%BB%82N-L%C3%83M-%E2%80%9CNG%C3%80N-N%C4%82M-DI-S%E1%BA%A2N%E2%80%9D-T%E1%BA%A0I-V%C4%82N-MI%E1%BA%BEU-QU%E1%BB%90C-T%E1%BB%AC-GI%C3%81M,,21.036900,105.835100,88415cb4adfffff
"ĐÊM CHUNG KẾT VÀ LỄ TRAO GIẢI CUỘC THI ""THIẾT KẾ TRANG PHỤC TỪ CẢM HỨNG VĂN MIẾU - QUỐC TỬ GIÁM KHOA PHỤC VIỆT NAM”","Sân Thái Học, Văn Miếu – Quốc Tử Giám",04/09/26,19:30,19:30,cultural_event,,https://vanmieu.gov.vn/vi/events/event-calendar/ongoing-events/%C4%90%C3%8AM-CHUNG-K%E1%BA%BET-V%C3%80-L%E1%BB%84-TRAO-GI%E1%BA%A2I-CU%E1%BB%98C-THI-%22THI%E1%BA%BET-K%E1%BA%BE-TRANG-PH%E1%BB%A4C-T%E1%BB%AA-C%E1%BA%A2M-H%E1%BB%A8NG-V%C4%82N-MI%E1%BA%BEU-QU%E1%BB%90C-T%E1%BB%AC-GI%C3%81M-KHOA-PH%E1%BB%A4C-VI%E1%BB%86T-NAM%E2%80%9D,,21.036900,105.835100,88415cb4adfffff
ĐÊM CHUNG KẾT VÀ LỄ TRAO GIẢI CUỘC THI “THIẾT KẾ TRANG PHỤC TỪ CẢM HỨNG VĂN MIẾU - QUỐC TỬ GIÁM: KHOA PHỤC VIỆT NAM”,Sân Thái Học – Văn Miếu – Quốc Tử Giám,04/09/26,19:30,22:00,cultural_event,,https://vanmieu.gov.vn/vi/events/event-calendar/ended-events/%C4%90%C3%8AM-CHUNG-K%E1%BA%BET-V%C3%80-L%E1%BB%84-TRAO-GI%E1%BA%A2I-CU%E1%BB%98C-THI-%E2%80%9CTHI%E1%BA%BET-K%E1%BA%BE-TRANG-PH%E1%BB%A4C-T%E1%BB%AA-C%E1%BA%A2M-H%E1%BB%A8NG-V%C4%82N-MI%E1%BA%BEU-QU%E1%BB%90C-T%E1%BB%AC-GI%C3%81M:-KHOA-PH%E1%BB%A4C-VI%E1%BB%86T-NAM%E2%80%9D,,21.036900,105.835100,88415cb4adfffff
"""Những chiếc cổng"" - Cuộc đối thoại giữa quá khứ và hiện tại",Văn Miếu - Quốc Tử Giám,05/07/26,09:00,09:00,cultural_event,,https://vanmieu.gov.vn/vi/events/event-calendar/ended-events/%22Nh%E1%BB%AFng-chi%E1%BA%BFc-c%E1%BB%95ng%22-Cu%E1%BB%99c-%C4%91%E1%BB%91i-tho%E1%BA%A1i-gi%E1%BB%AFa-qu%C3%A1-kh%E1%BB%A9-v%C3%A0-hi%E1%BB%87n-t%E1%BA%A1i,,21.036900,105.835100,88415cb4adfffff
KHAI MẠC TRIỂN LÃM “QUỐC TỬ GIÁM TRONG NGHỆ THUẬT” TẠI VĂN MIẾU - QUỐC TỬ GIÁM,Văn Miếu - Quốc Tử Giám,05/07/26,09:00,17:00,cultural_event,,https://vanmieu.gov.vn/vi/events/event-calendar/ended-events/KHAI-M%E1%BA%A0C-TRI%E1%BB%82N-L%C3%83M-%E2%80%9CQU%E1%BB%90C-T%E1%BB%AC-GI%C3%81M-TRONG-NGH%E1%BB%86-THU%E1%BA%ACT%E2%80%9D-T%E1%BA%A0I-V%C4%82N-MI%E1%BA%BEU-QU%E1%BB%90C-T%E1%BB%AC-GI%C3%81M,,21.036900,105.835100,88415cb4adfffff
VĂN MIẾU - QUỐC TỬ GIÁM NHỮNG NĂM 1975 QUA NÉT CỌ CỦA HỌA SĨ TRỊNH HỮU NGỌC,Văn Miếu - Quốc Tử Giám,05/07/26,09:00,17:00,cultural_event,,https://vanmieu.gov.vn/vi/events/event-calendar/ended-events/V%C4%82N-MI%E1%BA%BEU-QU%E1%BB%90C-T%E1%BB%AC-GI%C3%81M-NH%E1%BB%AENG-N%C4%82M-1975-QUA-N%C3%89T-C%E1%BB%8C-C%E1%BB%A6A-H%E1%BB%8CA-S%C4%A8-TR%E1%BB%8ANH-H%E1%BB%AEU-NG%E1%BB%8CC,,21.036900,105.835100,88415cb4adfffff
VĂN MIẾU – QUỐC TỬ GIÁM QUA NÉT VẼ CỦA HAI  HỌA SĨ QUỐC TẾ,,05/07/26,09:00,17:00,cultural_event,,https://vanmieu.gov.vn/vi/events/event-calendar/ended-events/V%C4%82N-MI%E1%BA%BEU-%E2%80%93-QU%E1%BB%90C-T%E1%BB%AC-GI%C3%81M-QUA-N%C3%89T-V%E1%BA%BC-C%E1%BB%A6A-HAI-H%E1%BB%8CA-S%C4%A8-QU%E1%BB%90C-T%E1%BA%BE,,,,
“DẤU XƯA VĂN MIẾU – QUỐC TỬ GIÁM QUA NÉT CỌ CỦA CÁC HỌA SĨ PHÁP”,"Tiền Đường, khu Thái Học, Văn Miếu - Quốc Tử Giám",05/07/26,09:00,09:00,cultural_event,,https://vanmieu.gov.vn/vi/events/event-calendar/ended-events/%E2%80%9CD%E1%BA%A4U-X%C6%AFA-V%C4%82N-MI%E1%BA%BEU-%E2%80%93-QU%E1%BB%90C-T%E1%BB%AC-GI%C3%81M-QUA-N%C3%89T-C%E1%BB%8C-C%E1%BB%A6A-C%C3%81C-H%E1%BB%8CA-S%C4%A8-PH%C3%81P%E2%80%9D,,21.036900,105.835100,88415cb4adfffff
"""Những chiếc cổng"" - Cuộc đối thoại giữa quá khứ và hiện tại",Văn Miếu - Quốc Tử Giám,05/08/26,09:00,09:00,cultural_event,,https://vanmieu.gov.vn/vi/events/event-calendar/ended-events/%22Nh%E1%BB%AFng-chi%E1%BA%BFc-c%E1%BB%95ng%22-Cu%E1%BB%99c-%C4%91%E1%BB%91i-tho%E1%BA%A1i-gi%E1%BB%AFa-qu%C3%A1-kh%E1%BB%A9-v%C3%A0-hi%E1%BB%87n-t%E1%BA%A1i,,21.036900,105.835100,88415cb4adfffff
KHAI MẠC TRIỂN LÃM “QUỐC TỬ GIÁM TRONG NGHỆ THUẬT” TẠI VĂN MIẾU - QUỐC TỬ GIÁM,Văn Miếu - Quốc Tử Giám,05/08/26,09:00,17:00,cultural_event,,https://vanmieu.gov.vn/vi/events/event-calendar/ended-events/KHAI-M%E1%BA%A0C-TRI%E1%BB%82N-L%C3%83M-%E2%80%9CQU%E1%BB%90C-T%E1%BB%AC-GI%C3%81M-TRONG-NGH%E1%BB%86-THU%E1%BA%ACT%E2%80%9D-T%E1%BA%A0I-V%C4%82N-MI%E1%BA%BEU-QU%E1%BB%90C-T%E1%BB%AC-GI%C3%81M,,21.036900,105.835100,88415cb4adfffff
VĂN MIẾU - QUỐC TỬ GIÁM NHỮNG NĂM 1975 QUA NÉT CỌ CỦA HỌA SĨ TRỊNH HỮU NGỌC,Văn Miếu - Quốc Tử Giám,05/08/26,09:00,17:00,cultural_event,,https://vanmieu.gov.vn/vi/events/event-calendar/ended-events/V%C4%82N-MI%E1%BA%BEU-QU%E1%BB%90C-T%E1%BB%AC-GI%C3%81M-NH%E1%BB%AENG-N%C4%82M-1975-QUA-N%C3%89T-C%E1%BB%8C-C%E1%BB%A6A-H%E1%BB%8CA-S%C4%A8-TR%E1%BB%8ANH-H%E1%BB%AEU-NG%E1%BB%8CC,,21.036900,105.835100,88415cb4adfffff
VĂN MIẾU – QUỐC TỬ GIÁM QUA NÉT VẼ CỦA HAI  HỌA SĨ QUỐC TẾ,,05/08/26,09:00,17:00,cultural_event,,https://vanmieu.gov.vn/vi/events/event-calendar/ended-events/V%C4%82N-MI%E1%BA%BEU-%E2%80%93-QU%E1%BB%90C-T%E1%BB%AC-GI%C3%81M-QUA-N%C3%89T-V%E1%BA%BC-C%E1%BB%A6A-HAI-H%E1%BB%8CA-S%C4%A8-QU%E1%BB%90C-T%E1%BA%BE,,,,
“DẤU XƯA VĂN MIẾU – QUỐC TỬ GIÁM QUA NÉT CỌ CỦA CÁC HỌA SĨ PHÁP”,"Tiền Đường, khu Thái Học, Văn Miếu - Quốc Tử Giám",05/08/26,09:00,09:00,cultural_event,,https://vanmieu.gov.vn/vi/events/event-calendar/ended-events/%E2%80%9CD%E1%BA%A4U-X%C6%AFA-V%C4%82N-MI%E1%BA%BEU-%E2%80%93-QU%E1%BB%90C-T%E1%BB%AC-GI%C3%81M-QUA-N%C3%89T-C%E1%BB%8C-C%E1%BB%A6A-C%C3%81C-H%E1%BB%8CA-S%C4%A8-PH%C3%81P%E2%80%9D,,21.036900,105.835100,88415cb4adfffff
Lễ hội 'Tự hào đặc sản Việt',"hệ thống GO!, Tops Market và Mini Go! trên toàn quốc, khai mạc tại Đại siêu thị GO! Thăng Long, Hà Nội",05/09/26,00:00,23:59,festival,,https://lehoivietnam.com.vn/vi/su-kien/6471-e6471-le-hoi-tu-hao-dac-san-viet-proud-of-vietnamese-specialities-festival,,21.013600,105.798900,88415cb491fffff
Bí thư Thành ủy Hà Nội dự khai giảng tại Trường THCS Trần Duy Hưng,,05/09/26,07:00,10:00,other,,https://www.hanoi.edu.vn/giao-duc-thu-do-doi-moi-hoi-nhap-phat-trien/bi-thu-thanh-uy-ha-noi-du-khai-giang-tai-truong-thcs-tran-duy-hung/ctfull/1142/17118,,,,
Chủ tịch UBND Thành phố Vũ Đại Thắng dự khai giảng năm học mới tại Trường Tiểu học Ngô Thì Nhậm,,05/09/26,07:00,10:00,other,,https://www.hanoi.edu.vn/giao-duc-thu-do-doi-moi-hoi-nhap-phat-trien/chu-tich-ubnd-thanh-pho-vu-dai-thang-du-khai-giang-nam-hoc-moi-tai-truong-tieu/ctfull/1142/17117,,,,
Đồng chí Phùng Thị Hồng Hà dự khai giảng năm học mới tại Trường THCS Hoàng Liệt,,05/09/26,07:00,10:00,other,,https://www.hanoi.edu.vn/giao-duc-thu-do-doi-moi-hoi-nhap-phat-trien/dong-chi-phung-thi-hong-ha-du-khai-giang-nam-hoc-moi-tai-truong-thcs-hoang-liet/ctfull/1142/17116,,,,
PHÁT ĐỘNG CUỘC THI “950 NÉT CHỮ”,Văn Miếu – Quốc Tử Giám,05/09/26,09:00,09:00,cultural_event,,https://vanmieu.gov.vn/vi/events/event-calendar/ongoing-events/PH%C3%81T-%C4%90%E1%BB%98NG-CU%E1%BB%98C-THI-%E2%80%9C950-N%C3%89T-CH%E1%BB%AE%E2%80%9D,,21.036900,105.835100,88415cb4adfffff
KHAI MẠC TRIỂN LÃM “NGÀN NĂM DI SẢN” TẠI VĂN MIẾU - QUỐC TỬ GIÁM,"Nhà Tiền Đường, khu Thái Học, di tích Văn Miếu – Quốc Tử Giám",05/09/26,16:00,17:00,cultural_event,,https://vanmieu.gov.vn/vi/events/event-calendar/ended-events/KHAI-M%E1%BA%A0C-TRI%E1%BB%82N-L%C3%83M-%E2%80%9CNG%C3%80N-N%C4%82M-DI-S%E1%BA%A2N%E2%80%9D-T%E1%BA%A0I-V%C4%82N-MI%E1%BA%BEU-QU%E1%BB%90C-T%E1%BB%AC-GI%C3%81M,,21.036900,105.835100,88415cb4adfffff
Công an Hà Nội vs Hồng Lĩnh Hà Tĩnh,SVĐ Hàng Đẫy,05/09/26,19:15,21:15,football,9000,https://vpf.vn/match/cong-an-ha-noi-vs-hong-linh-ha-tinh-7/,,21.045100,105.784100,88415ca65bfffff
"""Những chiếc cổng"" - Cuộc đối thoại giữa quá khứ và hiện tại",Văn Miếu - Quốc Tử Giám,06/07/26,09:00,09:00,cultural_event,,https://vanmieu.gov.vn/vi/events/event-calendar/ended-events/%22Nh%E1%BB%AFng-chi%E1%BA%BFc-c%E1%BB%95ng%22-Cu%E1%BB%99c-%C4%91%E1%BB%91i-tho%E1%BA%A1i-gi%E1%BB%AFa-qu%C3%A1-kh%E1%BB%A9-v%C3%A0-hi%E1%BB%87n-t%E1%BA%A1i,,21.036900,105.835100,88415cb4adfffff
KHAI MẠC TRIỂN LÃM “QUỐC TỬ GIÁM TRONG NGHỆ THUẬT” TẠI VĂN MIẾU - QUỐC TỬ GIÁM,Văn Miếu - Quốc Tử Giám,06/07/26,09:00,17:00,cultural_event,,https://vanmieu.gov.vn/vi/events/event-calendar/ended-events/KHAI-M%E1%BA%A0C-TRI%E1%BB%82N-L%C3%83M-%E2%80%9CQU%E1%BB%90C-T%E1%BB%AC-GI%C3%81M-TRONG-NGH%E1%BB%86-THU%E1%BA%ACT%E2%80%9D-T%E1%BA%A0I-V%C4%82N-MI%E1%BA%BEU-QU%E1%BB%90C-T%E1%BB%AC-GI%C3%81M,,21.036900,105.835100,88415cb4adfffff
VĂN MIẾU - QUỐC TỬ GIÁM NHỮNG NĂM 1975 QUA NÉT CỌ CỦA HỌA SĨ TRỊNH HỮU NGỌC,Văn Miếu - Quốc Tử Giám,06/07/26,09:00,17:00,cultural_event,,https://vanmieu.gov.vn/vi/events/event-calendar/ended-events/V%C4%82N-MI%E1%BA%BEU-QU%E1%BB%90C-T%E1%BB%AC-GI%C3%81M-NH%E1%BB%AENG-N%C4%82M-1975-QUA-N%C3%89T-C%E1%BB%8C-C%E1%BB%A6A-H%E1%BB%8CA-S%C4%A8-TR%E1%BB%8ANH-H%E1%BB%AEU-NG%E1%BB%8CC,,21.036900,105.835100,88415cb4adfffff
VĂN MIẾU – QUỐC TỬ GIÁM QUA NÉT VẼ CỦA HAI  HỌA SĨ QUỐC TẾ,,06/07/26,09:00,17:00,cultural_event,,https://vanmieu.gov.vn/vi/events/event-calendar/ended-events/V%C4%82N-MI%E1%BA%BEU-%E2%80%93-QU%E1%BB%90C-T%E1%BB%AC-GI%C3%81M-QUA-N%C3%89T-V%E1%BA%BC-C%E1%BB%A6A-HAI-H%E1%BB%8CA-S%C4%A8-QU%E1%BB%90C-T%E1%BA%BE,,,,
“DẤU XƯA VĂN MIẾU – QUỐC TỬ GIÁM QUA NÉT CỌ CỦA CÁC HỌA SĨ PHÁP”,"Tiền Đường, khu Thái Học, Văn Miếu - Quốc Tử Giám",06/07/26,09:00,09:00,cultural_event,,https://vanmieu.gov.vn/vi/events/event-calendar/ended-events/%E2%80%9CD%E1%BA%A4U-X%C6%AFA-V%C4%82N-MI%E1%BA%BEU-%E2%80%93-QU%E1%BB%90C-T%E1%BB%AC-GI%C3%81M-QUA-N%C3%89T-C%E1%BB%8C-C%E1%BB%A6A-C%C3%81C-H%E1%BB%8CA-S%C4%A8-PH%C3%81P%E2%80%9D,,21.036900,105.835100,88415cb4adfffff
"Hội chợ Xúc tiến thương mại nông nghiệp, sản phẩm OCOP Hà Nội","AEON MALL Hà Đông, Hà Nội",06/08/26,00:00,23:59,exhibition,,https://lehoivietnam.com.vn/vi/su-kien/6335-e6335-hoi-cho-xuc-tien-thuong-mai-nong-nghiep-san-pham-ocop-ha-noi-2026,,20.982800,105.785400,8841436b2bfffff
DI SẢN QUA LĂNG KÍNH NGHỆ THUẬT – TỌA ĐÀM “QUỐC TỬ GIÁM TRONG NGHỆ THUẬT”,"Tiền đường, Nhà Thái Học, Trung tâm Hoạt động Văn hóa Khoa học Văn Miếu - Quốc Tử Giám",06/08/26,16:00,18:00,conference_seminar,,https://vanmieu.gov.vn/vi/events/event-calendar/ended-events/DI-S%E1%BA%A2N-QUA-L%C4%82NG-K%C3%8DNH-NGH%E1%BB%86-THU%E1%BA%ACT-%E2%80%93-T%E1%BB%8CA-%C4%90%C3%80M-%E2%80%9CQU%E1%BB%90C-T%E1%BB%AC-GI%C3%81M-TRONG-NGH%E1%BB%86-THU%E1%BA%ACT%E2%80%9D,,21.036900,105.835100,88415cb4adfffff
Lễ hội 'Tự hào đặc sản Việt',"hệ thống GO!, Tops Market và Mini Go! trên toàn quốc, khai mạc tại Đại siêu thị GO! Thăng Long, Hà Nội",06/09/26,00:00,23:59,festival,,https://lehoivietnam.com.vn/vi/su-kien/6471-e6471-le-hoi-tu-hao-dac-san-viet-proud-of-vietnamese-specialities-festival,,21.013600,105.798900,88415cb491fffff
PHÁT ĐỘNG CUỘC THI “950 NÉT CHỮ”,Văn Miếu – Quốc Tử Giám,06/09/26,09:00,09:00,cultural_event,,https://vanmieu.gov.vn/vi/events/event-calendar/ongoing-events/PH%C3%81T-%C4%90%E1%BB%98NG-CU%E1%BB%98C-THI-%E2%80%9C950-N%C3%89T-CH%E1%BB%AE%E2%80%9D,,21.036900,105.835100,88415cb4adfffff
KHAI MẠC TRIỂN LÃM “NGÀN NĂM DI SẢN” TẠI VĂN MIẾU - QUỐC TỬ GIÁM,"Nhà Tiền Đường, khu Thái Học, di tích Văn Miếu – Quốc Tử Giám",06/09/26,16:00,17:00,cultural_event,,https://vanmieu.gov.vn/vi/events/event-calendar/ended-events/KHAI-M%E1%BA%A0C-TRI%E1%BB%82N-L%C3%83M-%E2%80%9CNG%C3%80N-N%C4%82M-DI-S%E1%BA%A2N%E2%80%9D-T%E1%BA%A0I-V%C4%82N-MI%E1%BA%BEU-QU%E1%BB%90C-T%E1%BB%AC-GI%C3%81M,,21.036900,105.835100,88415cb4adfffff
"""Những chiếc cổng"" - Cuộc đối thoại giữa quá khứ và hiện tại",Văn Miếu - Quốc Tử Giám,07/07/26,09:00,09:00,cultural_event,,https://vanmieu.gov.vn/vi/events/event-calendar/ended-events/%22Nh%E1%BB%AFng-chi%E1%BA%BFc-c%E1%BB%95ng%22-Cu%E1%BB%99c-%C4%91%E1%BB%91i-tho%E1%BA%A1i-gi%E1%BB%AFa-qu%C3%A1-kh%E1%BB%A9-v%C3%A0-hi%E1%BB%87n-t%E1%BA%A1i,,21.036900,105.835100,88415cb4adfffff
KHAI MẠC TRIỂN LÃM “QUỐC TỬ GIÁM TRONG NGHỆ THUẬT” TẠI VĂN MIẾU - QUỐC TỬ GIÁM,Văn Miếu - Quốc Tử Giám,07/07/26,09:00,17:00,cultural_event,,https://vanmieu.gov.vn/vi/events/event-calendar/ended-events/KHAI-M%E1%BA%A0C-TRI%E1%BB%82N-L%C3%83M-%E2%80%9CQU%E1%BB%90C-T%E1%BB%AC-GI%C3%81M-TRONG-NGH%E1%BB%86-THU%E1%BA%ACT%E2%80%9D-T%E1%BA%A0I-V%C4%82N-MI%E1%BA%BEU-QU%E1%BB%90C-T%E1%BB%AC-GI%C3%81M,,21.036900,105.835100,88415cb4adfffff
VĂN MIẾU - QUỐC TỬ GIÁM NHỮNG NĂM 1975 QUA NÉT CỌ CỦA HỌA SĨ TRỊNH HỮU NGỌC,Văn Miếu - Quốc Tử Giám,07/07/26,09:00,17:00,cultural_event,,https://vanmieu.gov.vn/vi/events/event-calendar/ended-events/V%C4%82N-MI%E1%BA%BEU-QU%E1%BB%90C-T%E1%BB%AC-GI%C3%81M-NH%E1%BB%AENG-N%C4%82M-1975-QUA-N%C3%89T-C%E1%BB%8C-C%E1%BB%A6A-H%E1%BB%8CA-S%C4%A8-TR%E1%BB%8ANH-H%E1%BB%AEU-NG%E1%BB%8CC,,21.036900,105.835100,88415cb4adfffff
VĂN MIẾU – QUỐC TỬ GIÁM QUA NÉT VẼ CỦA HAI  HỌA SĨ QUỐC TẾ,,07/07/26,09:00,17:00,cultural_event,,https://vanmieu.gov.vn/vi/events/event-calendar/ended-events/V%C4%82N-MI%E1%BA%BEU-%E2%80%93-QU%E1%BB%90C-T%E1%BB%AC-GI%C3%81M-QUA-N%C3%89T-V%E1%BA%BC-C%E1%BB%A6A-HAI-H%E1%BB%8CA-S%C4%A8-QU%E1%BB%90C-T%E1%BA%BE,,,,
“DẤU XƯA VĂN MIẾU – QUỐC TỬ GIÁM QUA NÉT CỌ CỦA CÁC HỌA SĨ PHÁP”,"Tiền Đường, khu Thái Học, Văn Miếu - Quốc Tử Giám",07/07/26,09:00,09:00,cultural_event,,https://vanmieu.gov.vn/vi/events/event-calendar/ended-events/%E2%80%9CD%E1%BA%A4U-X%C6%AFA-V%C4%82N-MI%E1%BA%BEU-%E2%80%93-QU%E1%BB%90C-T%E1%BB%AC-GI%C3%81M-QUA-N%C3%89T-C%E1%BB%8C-C%E1%BB%A6A-C%C3%81C-H%E1%BB%8CA-S%C4%A8-PH%C3%81P%E2%80%9D,,21.036900,105.835100,88415cb4adfffff
"Hội chợ Xúc tiến thương mại nông nghiệp, sản phẩm OCOP Hà Nội","AEON MALL Hà Đông, Hà Nội",07/08/26,00:00,23:59,exhibition,,https://lehoivietnam.com.vn/vi/su-kien/6335-e6335-hoi-cho-xuc-tien-thuong-mai-nong-nghiep-san-pham-ocop-ha-noi-2026,,20.982800,105.785400,8841436b2bfffff
Việt Nam vs Campuchia,"SVĐQG Mỹ Đình, Hà Nội",07/08/26,20:00,22:00,football,19628,https://vff.org.vn/thong-bao-ban-ve-truc-tiep-tran-dau-giua-dt-viet-nam-va-dt-campuchia-hyundai-cup-2026/,https://vnexpress.net/viet-nam-dong-khan-gia-nhat-vong-bang-asean-cup-2026-5107780.html,21.063600,105.763900,88415ca61bfffff
Lễ hội 'Tự hào đặc sản Việt',"hệ thống GO!, Tops Market và Mini Go! trên toàn quốc, khai mạc tại Đại siêu thị GO! Thăng Long, Hà Nội",07/09/26,00:00,23:59,festival,,https://lehoivietnam.com.vn/vi/su-kien/6471-e6471-le-hoi-tu-hao-dac-san-viet-proud-of-vietnamese-specialities-festival,,21.013600,105.798900,88415cb491fffff
PHÁT ĐỘNG CUỘC THI “950 NÉT CHỮ”,Văn Miếu – Quốc Tử Giám,07/09/26,09:00,09:00,cultural_event,,https://vanmieu.gov.vn/vi/events/event-calendar/ongoing-events/PH%C3%81T-%C4%90%E1%BB%98NG-CU%E1%BB%98C-THI-%E2%80%9C950-N%C3%89T-CH%E1%BB%AE%E2%80%9D,,21.036900,105.835100,88415cb4adfffff
KHAI MẠC TRIỂN LÃM “NGÀN NĂM DI SẢN” TẠI VĂN MIẾU - QUỐC TỬ GIÁM,"Nhà Tiền Đường, khu Thái Học, di tích Văn Miếu – Quốc Tử Giám",07/09/26,16:00,17:00,cultural_event,,https://vanmieu.gov.vn/vi/events/event-calendar/ended-events/KHAI-M%E1%BA%A0C-TRI%E1%BB%82N-L%C3%83M-%E2%80%9CNG%C3%80N-N%C4%82M-DI-S%E1%BA%A2N%E2%80%9D-T%E1%BA%A0I-V%C4%82N-MI%E1%BA%BEU-QU%E1%BB%90C-T%E1%BB%AC-GI%C3%81M,,21.036900,105.835100,88415cb4adfffff
"""Những chiếc cổng"" - Cuộc đối thoại giữa quá khứ và hiện tại",Văn Miếu - Quốc Tử Giám,08/07/26,09:00,09:00,cultural_event,,https://vanmieu.gov.vn/vi/events/event-calendar/ended-events/%22Nh%E1%BB%AFng-chi%E1%BA%BFc-c%E1%BB%95ng%22-Cu%E1%BB%99c-%C4%91%E1%BB%91i-tho%E1%BA%A1i-gi%E1%BB%AFa-qu%C3%A1-kh%E1%BB%A9-v%C3%A0-hi%E1%BB%87n-t%E1%BA%A1i,,21.036900,105.835100,88415cb4adfffff
KHAI MẠC TRIỂN LÃM “QUỐC TỬ GIÁM TRONG NGHỆ THUẬT” TẠI VĂN MIẾU - QUỐC TỬ GIÁM,Văn Miếu - Quốc Tử Giám,08/07/26,09:00,17:00,cultural_event,,https://vanmieu.gov.vn/vi/events/event-calendar/ended-events/KHAI-M%E1%BA%A0C-TRI%E1%BB%82N-L%C3%83M-%E2%80%9CQU%E1%BB%90C-T%E1%BB%AC-GI%C3%81M-TRONG-NGH%E1%BB%86-THU%E1%BA%ACT%E2%80%9D-T%E1%BA%A0I-V%C4%82N-MI%E1%BA%BEU-QU%E1%BB%90C-T%E1%BB%AC-GI%C3%81M,,21.036900,105.835100,88415cb4adfffff
VĂN MIẾU - QUỐC TỬ GIÁM NHỮNG NĂM 1975 QUA NÉT CỌ CỦA HỌA SĨ TRỊNH HỮU NGỌC,Văn Miếu - Quốc Tử Giám,08/07/26,09:00,17:00,cultural_event,,https://vanmieu.gov.vn/vi/events/event-calendar/ended-events/V%C4%82N-MI%E1%BA%BEU-QU%E1%BB%90C-T%E1%BB%AC-GI%C3%81M-NH%E1%BB%AENG-N%C4%82M-1975-QUA-N%C3%89T-C%E1%BB%8C-C%E1%BB%A6A-H%E1%BB%8CA-S%C4%A8-TR%E1%BB%8ANH-H%E1%BB%AEU-NG%E1%BB%8CC,,21.036900,105.835100,88415cb4adfffff
VĂN MIẾU – QUỐC TỬ GIÁM QUA NÉT VẼ CỦA HAI  HỌA SĨ QUỐC TẾ,,08/07/26,09:00,17:00,cultural_event,,https://vanmieu.gov.vn/vi/events/event-calendar/ended-events/V%C4%82N-MI%E1%BA%BEU-%E2%80%93-QU%E1%BB%90C-T%E1%BB%AC-GI%C3%81M-QUA-N%C3%89T-V%E1%BA%BC-C%E1%BB%A6A-HAI-H%E1%BB%8CA-S%C4%A8-QU%E1%BB%90C-T%E1%BA%BE,,,,
“DẤU XƯA VĂN MIẾU – QUỐC TỬ GIÁM QUA NÉT CỌ CỦA CÁC HỌA SĨ PHÁP”,"Tiền Đường, khu Thái Học, Văn Miếu - Quốc Tử Giám",08/07/26,09:00,09:00,cultural_event,,https://vanmieu.gov.vn/vi/events/event-calendar/ended-events/%E2%80%9CD%E1%BA%A4U-X%C6%AFA-V%C4%82N-MI%E1%BA%BEU-%E2%80%93-QU%E1%BB%90C-T%E1%BB%AC-GI%C3%81M-QUA-N%C3%89T-C%E1%BB%8C-C%E1%BB%A6A-C%C3%81C-H%E1%BB%8CA-S%C4%A8-PH%C3%81P%E2%80%9D,,21.036900,105.835100,88415cb4adfffff
"Hội chợ Xúc tiến thương mại nông nghiệp, sản phẩm OCOP Hà Nội","AEON MALL Hà Đông, Hà Nội",08/08/26,00:00,23:59,exhibition,,https://lehoivietnam.com.vn/vi/su-kien/6335-e6335-hoi-cho-xuc-tien-thuong-mai-nong-nghiep-san-pham-ocop-ha-noi-2026,,20.982800,105.785400,8841436b2bfffff
KHAI MẠC TRIỂN LÃM “NGÀN NĂM DI SẢN” TẠI VĂN MIẾU - QUỐC TỬ GIÁM,"Nhà Tiền Đường, khu Thái Học, di tích Văn Miếu – Quốc Tử Giám",08/08/26,16:00,17:00,cultural_event,,https://vanmieu.gov.vn/vi/events/event-calendar/ended-events/KHAI-M%E1%BA%A0C-TRI%E1%BB%82N-L%C3%83M-%E2%80%9CNG%C3%80N-N%C4%82M-DI-S%E1%BA%A2N%E2%80%9D-T%E1%BA%A0I-V%C4%82N-MI%E1%BA%BEU-QU%E1%BB%90C-T%E1%BB%AC-GI%C3%81M,,21.036900,105.835100,88415cb4adfffff
"TRIỂN LÃM ""NGÀN NĂM DI SẢN""","Nhà Thái Học, Di tích Quốc gia đặc biệt Văn Miếu - Quốc Tử Giám",08/08/26,16:00,16:00,cultural_event,,https://vanmieu.gov.vn/vi/events/event-calendar/ongoing-events/%5BS%E1%BA%AEP-DI%E1%BB%84N-RA%5D-TRI%E1%BB%82N-L%C3%83M-%22NG%C3%80N-N%C4%82M-DI-S%E1%BA%A2N%22,,21.036900,105.835100,88415cb4adfffff
'GIỮA MỘT VẠN TOUR' - PHÙNG KHÁNH LINH | CHAPTER 3: LIVE EXPERIENCE IN HÀ NỘI,TRUNG TÂM HỘI NGHỊ QUỐC GIA,08/08/26,19:00,22:00,concert,4000,https://ticketbox.vn/giua-mot-van-tour-phung-khanh-linh-n3-26060,https://dantri.com.vn/giai-tri/phung-khanh-linh-tung-hoai-nghi-ban-than-den-tuoi-32-khong-con-co-don-20260809110450885.htm,21.040200,105.787100,8841436965fffff
Lễ hội 'Tự hào đặc sản Việt',"hệ thống GO!, Tops Market và Mini Go! trên toàn quốc, khai mạc tại Đại siêu thị GO! Thăng Long, Hà Nội",08/09/26,00:00,23:59,festival,,https://lehoivietnam.com.vn/vi/su-kien/6471-e6471-le-hoi-tu-hao-dac-san-viet-proud-of-vietnamese-specialities-festival,,21.013600,105.798900,88415cb491fffff
PHÁT ĐỘNG CUỘC THI “950 NÉT CHỮ”,Văn Miếu – Quốc Tử Giám,08/09/26,09:00,09:00,cultural_event,,https://vanmieu.gov.vn/vi/events/event-calendar/ongoing-events/PH%C3%81T-%C4%90%E1%BB%98NG-CU%E1%BB%98C-THI-%E2%80%9C950-N%C3%89T-CH%E1%BB%AE%E2%80%9D,,21.036900,105.835100,88415cb4adfffff
KHAI MẠC TRIỂN LÃM “NGÀN NĂM DI SẢN” TẠI VĂN MIẾU - QUỐC TỬ GIÁM,"Nhà Tiền Đường, khu Thái Học, di tích Văn Miếu – Quốc Tử Giám",08/09/26,16:00,17:00,cultural_event,,https://vanmieu.gov.vn/vi/events/event-calendar/ended-events/KHAI-M%E1%BA%A0C-TRI%E1%BB%82N-L%C3%83M-%E2%80%9CNG%C3%80N-N%C4%82M-DI-S%E1%BA%A2N%E2%80%9D-T%E1%BA%A0I-V%C4%82N-MI%E1%BA%BEU-QU%E1%BB%90C-T%E1%BB%AC-GI%C3%81M,,21.036900,105.835100,88415cb4adfffff
Triển lãm tương tác “Bức tường An ninh mạng”,"Phố đi bộ Hồ Gươm (phố Đinh Tiên Hoàng, phường Hoàn Kiếm, Hà Nội)",09/07/26,00:00,23:59,exhibition,,https://lehoivietnam.com.vn/vi/su-kien/6071-e6071-trien-lam-buc-tuong-an-ninh-mang,,21.028500,105.852700,88415cb4e5fffff
Tổ quốc bình yên,"Phố đi bộ Hồ Gươm, quận Hoàn Kiếm, Hà Nội",09/07/26,00:00,23:59,festival,,https://lehoivietnam.com.vn/vi/su-kien/6072-e6072-to-quoc-binh-yen,,21.028500,105.852700,88415cb4e5fffff
"""Những chiếc cổng"" - Cuộc đối thoại giữa quá khứ và hiện tại",Văn Miếu - Quốc Tử Giám,09/07/26,09:00,09:00,cultural_event,,https://vanmieu.gov.vn/vi/events/event-calendar/ended-events/%22Nh%E1%BB%AFng-chi%E1%BA%BFc-c%E1%BB%95ng%22-Cu%E1%BB%99c-%C4%91%E1%BB%91i-tho%E1%BA%A1i-gi%E1%BB%AFa-qu%C3%A1-kh%E1%BB%A9-v%C3%A0-hi%E1%BB%87n-t%E1%BA%A1i,,21.036900,105.835100,88415cb4adfffff
KHAI MẠC TRIỂN LÃM “QUỐC TỬ GIÁM TRONG NGHỆ THUẬT” TẠI VĂN MIẾU - QUỐC TỬ GIÁM,Văn Miếu - Quốc Tử Giám,09/07/26,09:00,17:00,cultural_event,,https://vanmieu.gov.vn/vi/events/event-calendar/ended-events/KHAI-M%E1%BA%A0C-TRI%E1%BB%82N-L%C3%83M-%E2%80%9CQU%E1%BB%90C-T%E1%BB%AC-GI%C3%81M-TRONG-NGH%E1%BB%86-THU%E1%BA%ACT%E2%80%9D-T%E1%BA%A0I-V%C4%82N-MI%E1%BA%BEU-QU%E1%BB%90C-T%E1%BB%AC-GI%C3%81M,,21.036900,105.835100,88415cb4adfffff
VĂN MIẾU - QUỐC TỬ GIÁM NHỮNG NĂM 1975 QUA NÉT CỌ CỦA HỌA SĨ TRỊNH HỮU NGỌC,Văn Miếu - Quốc Tử Giám,09/07/26,09:00,17:00,cultural_event,,https://vanmieu.gov.vn/vi/events/event-calendar/ended-events/V%C4%82N-MI%E1%BA%BEU-QU%E1%BB%90C-T%E1%BB%AC-GI%C3%81M-NH%E1%BB%AENG-N%C4%82M-1975-QUA-N%C3%89T-C%E1%BB%8C-C%E1%BB%A6A-H%E1%BB%8CA-S%C4%A8-TR%E1%BB%8ANH-H%E1%BB%AEU-NG%E1%BB%8CC,,21.036900,105.835100,88415cb4adfffff
VĂN MIẾU – QUỐC TỬ GIÁM QUA NÉT VẼ CỦA HAI  HỌA SĨ QUỐC TẾ,,09/07/26,09:00,17:00,cultural_event,,https://vanmieu.gov.vn/vi/events/event-calendar/ended-events/V%C4%82N-MI%E1%BA%BEU-%E2%80%93-QU%E1%BB%90C-T%E1%BB%AC-GI%C3%81M-QUA-N%C3%89T-V%E1%BA%BC-C%E1%BB%A6A-HAI-H%E1%BB%8CA-S%C4%A8-QU%E1%BB%90C-T%E1%BA%BE,,,,
“DẤU XƯA VĂN MIẾU – QUỐC TỬ GIÁM QUA NÉT CỌ CỦA CÁC HỌA SĨ PHÁP”,"Tiền Đường, khu Thái Học, Văn Miếu - Quốc Tử Giám",09/07/26,09:00,09:00,cultural_event,,https://vanmieu.gov.vn/vi/events/event-calendar/ended-events/%E2%80%9CD%E1%BA%A4U-X%C6%AFA-V%C4%82N-MI%E1%BA%BEU-%E2%80%93-QU%E1%BB%90C-T%E1%BB%AC-GI%C3%81M-QUA-N%C3%89T-C%E1%BB%8C-C%E1%BB%A6A-C%C3%81C-H%E1%BB%8CA-S%C4%A8-PH%C3%81P%E2%80%9D,,21.036900,105.835100,88415cb4adfffff
"Hội chợ Xúc tiến thương mại nông nghiệp, sản phẩm OCOP Hà Nội","AEON MALL Hà Đông, Hà Nội",09/08/26,00:00,23:59,exhibition,,https://lehoivietnam.com.vn/vi/su-kien/6335-e6335-hoi-cho-xuc-tien-thuong-mai-nong-nghiep-san-pham-ocop-ha-noi-2026,,20.982800,105.785400,8841436b2bfffff
KHAI MẠC TRIỂN LÃM “NGÀN NĂM DI SẢN” TẠI VĂN MIẾU - QUỐC TỬ GIÁM,"Nhà Tiền Đường, khu Thái Học, di tích Văn Miếu – Quốc Tử Giám",09/08/26,16:00,17:00,cultural_event,,https://vanmieu.gov.vn/vi/events/event-calendar/ended-events/KHAI-M%E1%BA%A0C-TRI%E1%BB%82N-L%C3%83M-%E2%80%9CNG%C3%80N-N%C4%82M-DI-S%E1%BA%A2N%E2%80%9D-T%E1%BA%A0I-V%C4%82N-MI%E1%BA%BEU-QU%E1%BB%90C-T%E1%BB%AC-GI%C3%81M,,21.036900,105.835100,88415cb4adfffff
'GIỮA MỘT VẠN TOUR' - PHÙNG KHÁNH LINH | CHAPTER 4: LIVE EXPERIENCE IN HÀ NỘI,TRUNG TÂM HỘI NGHỊ QUỐC GIA,09/08/26,19:00,22:00,concert,,https://ticketbox.vn/giua-mot-van-tour-phung-khanh-linh-n4-26205,,21.040200,105.787100,8841436965fffff
Hội chợ triển lãm sản phẩm công nghiệp Hà Nội 2026,"Trung tâm Triển lãm Việt Nam (VEC), huyện Đông Anh, Hà Nội",09/09/26,00:00,23:59,exhibition,,https://lehoivietnam.com.vn/vi/su-kien/6203-e6203-hoi-cho-trien-lam-san-pham-cong-nghiep-ha-noi,,21.221900,105.854700,88415cae0dfffff
Lễ hội 'Tự hào đặc sản Việt',"hệ thống GO!, Tops Market và Mini Go! trên toàn quốc, khai mạc tại Đại siêu thị GO! Thăng Long, Hà Nội",09/09/26,00:00,23:59,festival,,https://lehoivietnam.com.vn/vi/su-kien/6471-e6471-le-hoi-tu-hao-dac-san-viet-proud-of-vietnamese-specialities-festival,,21.013600,105.798900,88415cb491fffff
"Triển lãm Quốc tế PCCC, CNCH và Thiết bị An ninh (Secutech Vietnam) 2026","Cung Văn hóa Lao động Hữu nghị Việt Xô, Hà Nội",09/09/26,00:00,23:59,exhibition,,https://lehoivietnam.com.vn/vi/su-kien/6584-e6584-trien-lam-quoc-te-ve-ky-thuat-phuong-tien-phong-chay-chua-chay-cuu-nan-cuu-ho-va-thiet-bi-an-ninh-an-toan-bao-ve-nam-2026,,21.008500,105.783200,884143694dfffff
PHÁT ĐỘNG CUỘC THI “950 NÉT CHỮ”,Văn Miếu – Quốc Tử Giám,09/09/26,09:00,09:00,cultural_event,,https://vanmieu.gov.vn/vi/events/event-calendar/ongoing-events/PH%C3%81T-%C4%90%E1%BB%98NG-CU%E1%BB%98C-THI-%E2%80%9C950-N%C3%89T-CH%E1%BB%AE%E2%80%9D,,21.036900,105.835100,88415cb4adfffff
KHAI MẠC TRIỂN LÃM “NGÀN NĂM DI SẢN” TẠI VĂN MIẾU - QUỐC TỬ GIÁM,"Nhà Tiền Đường, khu Thái Học, di tích Văn Miếu – Quốc Tử Giám",09/09/26,16:00,17:00,cultural_event,,https://vanmieu.gov.vn/vi/events/event-calendar/ended-events/KHAI-M%E1%BA%A0C-TRI%E1%BB%82N-L%C3%83M-%E2%80%9CNG%C3%80N-N%C4%82M-DI-S%E1%BA%A2N%E2%80%9D-T%E1%BA%A0I-V%C4%82N-MI%E1%BA%BEU-QU%E1%BB%90C-T%E1%BB%AC-GI%C3%81M,,21.036900,105.835100,88415cb4adfffff
Triển lãm tương tác “Bức tường An ninh mạng”,"Phố đi bộ Hồ Gươm (phố Đinh Tiên Hoàng, phường Hoàn Kiếm, Hà Nội)",10/07/26,00:00,23:59,exhibition,,https://lehoivietnam.com.vn/vi/su-kien/6071-e6071-trien-lam-buc-tuong-an-ninh-mang,,21.028500,105.852700,88415cb4e5fffff
Tổ quốc bình yên,"Phố đi bộ Hồ Gươm, quận Hoàn Kiếm, Hà Nội",10/07/26,00:00,23:59,festival,,https://lehoivietnam.com.vn/vi/su-kien/6072-e6072-to-quoc-binh-yen,,21.028500,105.852700,88415cb4e5fffff
"""Những chiếc cổng"" - Cuộc đối thoại giữa quá khứ và hiện tại",Văn Miếu - Quốc Tử Giám,10/07/26,09:00,09:00,cultural_event,,https://vanmieu.gov.vn/vi/events/event-calendar/ended-events/%22Nh%E1%BB%AFng-chi%E1%BA%BFc-c%E1%BB%95ng%22-Cu%E1%BB%99c-%C4%91%E1%BB%91i-tho%E1%BA%A1i-gi%E1%BB%AFa-qu%C3%A1-kh%E1%BB%A9-v%C3%A0-hi%E1%BB%87n-t%E1%BA%A1i,,21.036900,105.835100,88415cb4adfffff
KHAI MẠC TRIỂN LÃM “QUỐC TỬ GIÁM TRONG NGHỆ THUẬT” TẠI VĂN MIẾU - QUỐC TỬ GIÁM,Văn Miếu - Quốc Tử Giám,10/07/26,09:00,17:00,cultural_event,,https://vanmieu.gov.vn/vi/events/event-calendar/ended-events/KHAI-M%E1%BA%A0C-TRI%E1%BB%82N-L%C3%83M-%E2%80%9CQU%E1%BB%90C-T%E1%BB%AC-GI%C3%81M-TRONG-NGH%E1%BB%86-THU%E1%BA%ACT%E2%80%9D-T%E1%BA%A0I-V%C4%82N-MI%E1%BA%BEU-QU%E1%BB%90C-T%E1%BB%AC-GI%C3%81M,,21.036900,105.835100,88415cb4adfffff
VĂN MIẾU - QUỐC TỬ GIÁM NHỮNG NĂM 1975 QUA NÉT CỌ CỦA HỌA SĨ TRỊNH HỮU NGỌC,Văn Miếu - Quốc Tử Giám,10/07/26,09:00,17:00,cultural_event,,https://vanmieu.gov.vn/vi/events/event-calendar/ended-events/V%C4%82N-MI%E1%BA%BEU-QU%E1%BB%90C-T%E1%BB%AC-GI%C3%81M-NH%E1%BB%AENG-N%C4%82M-1975-QUA-N%C3%89T-C%E1%BB%8C-C%E1%BB%A6A-H%E1%BB%8CA-S%C4%A8-TR%E1%BB%8ANH-H%E1%BB%AEU-NG%E1%BB%8CC,,21.036900,105.835100,88415cb4adfffff
VĂN MIẾU – QUỐC TỬ GIÁM QUA NÉT VẼ CỦA HAI  HỌA SĨ QUỐC TẾ,,10/07/26,09:00,17:00,cultural_event,,https://vanmieu.gov.vn/vi/events/event-calendar/ended-events/V%C4%82N-MI%E1%BA%BEU-%E2%80%93-QU%E1%BB%90C-T%E1%BB%AC-GI%C3%81M-QUA-N%C3%89T-V%E1%BA%BC-C%E1%BB%A6A-HAI-H%E1%BB%8CA-S%C4%A8-QU%E1%BB%90C-T%E1%BA%BE,,,,
“DẤU XƯA VĂN MIẾU – QUỐC TỬ GIÁM QUA NÉT CỌ CỦA CÁC HỌA SĨ PHÁP”,"Tiền Đường, khu Thái Học, Văn Miếu - Quốc Tử Giám",10/07/26,09:00,09:00,cultural_event,,https://vanmieu.gov.vn/vi/events/event-calendar/ended-events/%E2%80%9CD%E1%BA%A4U-X%C6%AFA-V%C4%82N-MI%E1%BA%BEU-%E2%80%93-QU%E1%BB%90C-T%E1%BB%AC-GI%C3%81M-QUA-N%C3%89T-C%E1%BB%8C-C%E1%BB%A6A-C%C3%81C-H%E1%BB%8CA-S%C4%A8-PH%C3%81P%E2%80%9D,,21.036900,105.835100,88415cb4adfffff
KHAI MẠC TRIỂN LÃM “NGÀN NĂM DI SẢN” TẠI VĂN MIẾU - QUỐC TỬ GIÁM,"Nhà Tiền Đường, khu Thái Học, di tích Văn Miếu – Quốc Tử Giám",10/08/26,16:00,17:00,cultural_event,,https://vanmieu.gov.vn/vi/events/event-calendar/ended-events/KHAI-M%E1%BA%A0C-TRI%E1%BB%82N-L%C3%83M-%E2%80%9CNG%C3%80N-N%C4%82M-DI-S%E1%BA%A2N%E2%80%9D-T%E1%BA%A0I-V%C4%82N-MI%E1%BA%BEU-QU%E1%BB%90C-T%E1%BB%AC-GI%C3%81M,,21.036900,105.835100,88415cb4adfffff
Hội chợ triển lãm sản phẩm công nghiệp Hà Nội 2026,"Trung tâm Triển lãm Việt Nam (VEC), huyện Đông Anh, Hà Nội",10/09/26,00:00,23:59,exhibition,,https://lehoivietnam.com.vn/vi/su-kien/6203-e6203-hoi-cho-trien-lam-san-pham-cong-nghiep-ha-noi,,21.221900,105.854700,88415cae0dfffff
"Triển lãm Quốc tế PCCC, CNCH và Thiết bị An ninh (Secutech Vietnam) 2026","Cung Văn hóa Lao động Hữu nghị Việt Xô, Hà Nội",10/09/26,00:00,23:59,exhibition,,https://lehoivietnam.com.vn/vi/su-kien/6584-e6584-trien-lam-quoc-te-ve-ky-thuat-phuong-tien-phong-chay-chua-chay-cuu-nan-cuu-ho-va-thiet-bi-an-ninh-an-toan-bao-ve-nam-2026,,21.008500,105.783200,884143694dfffff
PHÁT ĐỘNG CUỘC THI “950 NÉT CHỮ”,Văn Miếu – Quốc Tử Giám,10/09/26,09:00,09:00,cultural_event,,https://vanmieu.gov.vn/vi/events/event-calendar/ongoing-events/PH%C3%81T-%C4%90%E1%BB%98NG-CU%E1%BB%98C-THI-%E2%80%9C950-N%C3%89T-CH%E1%BB%AE%E2%80%9D,,21.036900,105.835100,88415cb4adfffff
KHAI MẠC TRIỂN LÃM “NGÀN NĂM DI SẢN” TẠI VĂN MIẾU - QUỐC TỬ GIÁM,"Nhà Tiền Đường, khu Thái Học, di tích Văn Miếu – Quốc Tử Giám",10/09/26,16:00,17:00,cultural_event,,https://vanmieu.gov.vn/vi/events/event-calendar/ended-events/KHAI-M%E1%BA%A0C-TRI%E1%BB%82N-L%C3%83M-%E2%80%9CNG%C3%80N-N%C4%82M-DI-S%E1%BA%A2N%E2%80%9D-T%E1%BA%A0I-V%C4%82N-MI%E1%BA%BEU-QU%E1%BB%90C-T%E1%BB%AC-GI%C3%81M,,21.036900,105.835100,88415cb4adfffff
Thể Công – Viettel vs Công an Hà Nội,SVĐ Hàng Đẫy,10/09/26,19:15,21:15,football,8000,https://vpf.vn/match/the-cong-viettel-vs-cong-an-ha-noi-4/,,21.045100,105.784100,88415ca65bfffff
Triển lãm tương tác “Bức tường An ninh mạng”,"Phố đi bộ Hồ Gươm (phố Đinh Tiên Hoàng, phường Hoàn Kiếm, Hà Nội)",11/07/26,00:00,23:59,exhibition,,https://lehoivietnam.com.vn/vi/su-kien/6071-e6071-trien-lam-buc-tuong-an-ninh-mang,,21.028500,105.852700,88415cb4e5fffff
Tổ quốc bình yên,"Phố đi bộ Hồ Gươm, quận Hoàn Kiếm, Hà Nội",11/07/26,00:00,23:59,festival,,https://lehoivietnam.com.vn/vi/su-kien/6072-e6072-to-quoc-binh-yen,,21.028500,105.852700,88415cb4e5fffff
"""Những chiếc cổng"" - Cuộc đối thoại giữa quá khứ và hiện tại",Văn Miếu - Quốc Tử Giám,11/07/26,09:00,09:00,cultural_event,,https://vanmieu.gov.vn/vi/events/event-calendar/ended-events/%22Nh%E1%BB%AFng-chi%E1%BA%BFc-c%E1%BB%95ng%22-Cu%E1%BB%99c-%C4%91%E1%BB%91i-tho%E1%BA%A1i-gi%E1%BB%AFa-qu%C3%A1-kh%E1%BB%A9-v%C3%A0-hi%E1%BB%87n-t%E1%BA%A1i,,21.036900,105.835100,88415cb4adfffff
KHAI MẠC TRIỂN LÃM “QUỐC TỬ GIÁM TRONG NGHỆ THUẬT” TẠI VĂN MIẾU - QUỐC TỬ GIÁM,Văn Miếu - Quốc Tử Giám,11/07/26,09:00,17:00,cultural_event,,https://vanmieu.gov.vn/vi/events/event-calendar/ended-events/KHAI-M%E1%BA%A0C-TRI%E1%BB%82N-L%C3%83M-%E2%80%9CQU%E1%BB%90C-T%E1%BB%AC-GI%C3%81M-TRONG-NGH%E1%BB%86-THU%E1%BA%ACT%E2%80%9D-T%E1%BA%A0I-V%C4%82N-MI%E1%BA%BEU-QU%E1%BB%90C-T%E1%BB%AC-GI%C3%81M,,21.036900,105.835100,88415cb4adfffff
VĂN MIẾU - QUỐC TỬ GIÁM NHỮNG NĂM 1975 QUA NÉT CỌ CỦA HỌA SĨ TRỊNH HỮU NGỌC,Văn Miếu - Quốc Tử Giám,11/07/26,09:00,17:00,cultural_event,,https://vanmieu.gov.vn/vi/events/event-calendar/ended-events/V%C4%82N-MI%E1%BA%BEU-QU%E1%BB%90C-T%E1%BB%AC-GI%C3%81M-NH%E1%BB%AENG-N%C4%82M-1975-QUA-N%C3%89T-C%E1%BB%8C-C%E1%BB%A6A-H%E1%BB%8CA-S%C4%A8-TR%E1%BB%8ANH-H%E1%BB%AEU-NG%E1%BB%8CC,,21.036900,105.835100,88415cb4adfffff
VĂN MIẾU – QUỐC TỬ GIÁM QUA NÉT VẼ CỦA HAI  HỌA SĨ QUỐC TẾ,,11/07/26,09:00,17:00,cultural_event,,https://vanmieu.gov.vn/vi/events/event-calendar/ended-events/V%C4%82N-MI%E1%BA%BEU-%E2%80%93-QU%E1%BB%90C-T%E1%BB%AC-GI%C3%81M-QUA-N%C3%89T-V%E1%BA%BC-C%E1%BB%A6A-HAI-H%E1%BB%8CA-S%C4%A8-QU%E1%BB%90C-T%E1%BA%BE,,,,
“DẤU XƯA VĂN MIẾU – QUỐC TỬ GIÁM QUA NÉT CỌ CỦA CÁC HỌA SĨ PHÁP”,"Tiền Đường, khu Thái Học, Văn Miếu - Quốc Tử Giám",11/07/26,09:00,09:00,cultural_event,,https://vanmieu.gov.vn/vi/events/event-calendar/ended-events/%E2%80%9CD%E1%BA%A4U-X%C6%AFA-V%C4%82N-MI%E1%BA%BEU-%E2%80%93-QU%E1%BB%90C-T%E1%BB%AC-GI%C3%81M-QUA-N%C3%89T-C%E1%BB%8C-C%E1%BB%A6A-C%C3%81C-H%E1%BB%8CA-S%C4%A8-PH%C3%81P%E2%80%9D,,21.036900,105.835100,88415cb4adfffff
LIVESHOW SECRET GARDEN - HÀ NHI,Cung Văn hóa Lao động Hữu nghị Việt - Xô,11/07/26,20:00,23:00,concert,,https://ticketbox.vn/secret-garden-ha-nhi-25892,,21.008500,105.783200,884143694dfffff
KHAI MẠC TRIỂN LÃM “NGÀN NĂM DI SẢN” TẠI VĂN MIẾU - QUỐC TỬ GIÁM,"Nhà Tiền Đường, khu Thái Học, di tích Văn Miếu – Quốc Tử Giám",11/08/26,16:00,17:00,cultural_event,,https://vanmieu.gov.vn/vi/events/event-calendar/ended-events/KHAI-M%E1%BA%A0C-TRI%E1%BB%82N-L%C3%83M-%E2%80%9CNG%C3%80N-N%C4%82M-DI-S%E1%BA%A2N%E2%80%9D-T%E1%BA%A0I-V%C4%82N-MI%E1%BA%BEU-QU%E1%BB%90C-T%E1%BB%AC-GI%C3%81M,,21.036900,105.835100,88415cb4adfffff
Hội chợ triển lãm sản phẩm công nghiệp Hà Nội 2026,"Trung tâm Triển lãm Việt Nam (VEC), huyện Đông Anh, Hà Nội",11/09/26,00:00,23:59,exhibition,,https://lehoivietnam.com.vn/vi/su-kien/6203-e6203-hoi-cho-trien-lam-san-pham-cong-nghiep-ha-noi,,21.221900,105.854700,88415cae0dfffff
"Triển lãm Quốc tế PCCC, CNCH và Thiết bị An ninh (Secutech Vietnam) 2026","Cung Văn hóa Lao động Hữu nghị Việt Xô, Hà Nội",11/09/26,00:00,23:59,exhibition,,https://lehoivietnam.com.vn/vi/su-kien/6584-e6584-trien-lam-quoc-te-ve-ky-thuat-phuong-tien-phong-chay-chua-chay-cuu-nan-cuu-ho-va-thiet-bi-an-ninh-an-toan-bao-ve-nam-2026,,21.008500,105.783200,884143694dfffff
PHÁT ĐỘNG CUỘC THI “950 NÉT CHỮ”,Văn Miếu – Quốc Tử Giám,11/09/26,09:00,09:00,cultural_event,,https://vanmieu.gov.vn/vi/events/event-calendar/ongoing-events/PH%C3%81T-%C4%90%E1%BB%98NG-CU%E1%BB%98C-THI-%E2%80%9C950-N%C3%89T-CH%E1%BB%AE%E2%80%9D,,21.036900,105.835100,88415cb4adfffff
[FESTIVAL THĂNG LONG - HÀ NỘI 2026] TRƯNG BÀY “NÉT HÀ THÀNH”,"Không gian Hồ Văn, Di tích Văn Miếu – Quốc Tử Giám",11/09/26,09:00,17:00,cultural_event,,https://vanmieu.gov.vn/vi/events/event-calendar/ended-events/(S%E1%BA%AEP-DI%E1%BB%84N-RA)-TR%C6%AFNG-B%C3%80Y-%E2%80%9CN%C3%89T-H%C3%80-TH%C3%80NH%E2%80%9D,,21.036900,105.835100,88415cb4adfffff
KHAI MẠC TRIỂN LÃM “NGÀN NĂM DI SẢN” TẠI VĂN MIẾU - QUỐC TỬ GIÁM,"Nhà Tiền Đường, khu Thái Học, di tích Văn Miếu – Quốc Tử Giám",11/09/26,16:00,17:00,cultural_event,,https://vanmieu.gov.vn/vi/events/event-calendar/ended-events/KHAI-M%E1%BA%A0C-TRI%E1%BB%82N-L%C3%83M-%E2%80%9CNG%C3%80N-N%C4%82M-DI-S%E1%BA%A2N%E2%80%9D-T%E1%BA%A0I-V%C4%82N-MI%E1%BA%BEU-QU%E1%BB%90C-T%E1%BB%AC-GI%C3%81M,,21.036900,105.835100,88415cb4adfffff
Triển lãm tương tác “Bức tường An ninh mạng”,"Phố đi bộ Hồ Gươm (phố Đinh Tiên Hoàng, phường Hoàn Kiếm, Hà Nội)",12/07/26,00:00,23:59,exhibition,,https://lehoivietnam.com.vn/vi/su-kien/6071-e6071-trien-lam-buc-tuong-an-ninh-mang,,21.028500,105.852700,88415cb4e5fffff
Tổ quốc bình yên,"Phố đi bộ Hồ Gươm, quận Hoàn Kiếm, Hà Nội",12/07/26,00:00,23:59,festival,,https://lehoivietnam.com.vn/vi/su-kien/6072-e6072-to-quoc-binh-yen,,21.028500,105.852700,88415cb4e5fffff
"""Những chiếc cổng"" - Cuộc đối thoại giữa quá khứ và hiện tại",Văn Miếu - Quốc Tử Giám,12/07/26,09:00,09:00,cultural_event,,https://vanmieu.gov.vn/vi/events/event-calendar/ended-events/%22Nh%E1%BB%AFng-chi%E1%BA%BFc-c%E1%BB%95ng%22-Cu%E1%BB%99c-%C4%91%E1%BB%91i-tho%E1%BA%A1i-gi%E1%BB%AFa-qu%C3%A1-kh%E1%BB%A9-v%C3%A0-hi%E1%BB%87n-t%E1%BA%A1i,,21.036900,105.835100,88415cb4adfffff
KHAI MẠC TRIỂN LÃM “QUỐC TỬ GIÁM TRONG NGHỆ THUẬT” TẠI VĂN MIẾU - QUỐC TỬ GIÁM,Văn Miếu - Quốc Tử Giám,12/07/26,09:00,17:00,cultural_event,,https://vanmieu.gov.vn/vi/events/event-calendar/ended-events/KHAI-M%E1%BA%A0C-TRI%E1%BB%82N-L%C3%83M-%E2%80%9CQU%E1%BB%90C-T%E1%BB%AC-GI%C3%81M-TRONG-NGH%E1%BB%86-THU%E1%BA%ACT%E2%80%9D-T%E1%BA%A0I-V%C4%82N-MI%E1%BA%BEU-QU%E1%BB%90C-T%E1%BB%AC-GI%C3%81M,,21.036900,105.835100,88415cb4adfffff
VĂN MIẾU - QUỐC TỬ GIÁM NHỮNG NĂM 1975 QUA NÉT CỌ CỦA HỌA SĨ TRỊNH HỮU NGỌC,Văn Miếu - Quốc Tử Giám,12/07/26,09:00,17:00,cultural_event,,https://vanmieu.gov.vn/vi/events/event-calendar/ended-events/V%C4%82N-MI%E1%BA%BEU-QU%E1%BB%90C-T%E1%BB%AC-GI%C3%81M-NH%E1%BB%AENG-N%C4%82M-1975-QUA-N%C3%89T-C%E1%BB%8C-C%E1%BB%A6A-H%E1%BB%8CA-S%C4%A8-TR%E1%BB%8ANH-H%E1%BB%AEU-NG%E1%BB%8CC,,21.036900,105.835100,88415cb4adfffff
VĂN MIẾU – QUỐC TỬ GIÁM QUA NÉT VẼ CỦA HAI  HỌA SĨ QUỐC TẾ,,12/07/26,09:00,17:00,cultural_event,,https://vanmieu.gov.vn/vi/events/event-calendar/ended-events/V%C4%82N-MI%E1%BA%BEU-%E2%80%93-QU%E1%BB%90C-T%E1%BB%AC-GI%C3%81M-QUA-N%C3%89T-V%E1%BA%BC-C%E1%BB%A6A-HAI-H%E1%BB%8CA-S%C4%A8-QU%E1%BB%90C-T%E1%BA%BE,,,,
“DẤU XƯA VĂN MIẾU – QUỐC TỬ GIÁM QUA NÉT CỌ CỦA CÁC HỌA SĨ PHÁP”,"Tiền Đường, khu Thái Học, Văn Miếu - Quốc Tử Giám",12/07/26,09:00,09:00,cultural_event,,https://vanmieu.gov.vn/vi/events/event-calendar/ended-events/%E2%80%9CD%E1%BA%A4U-X%C6%AFA-V%C4%82N-MI%E1%BA%BEU-%E2%80%93-QU%E1%BB%90C-T%E1%BB%AC-GI%C3%81M-QUA-N%C3%89T-C%E1%BB%8C-C%E1%BB%A6A-C%C3%81C-H%E1%BB%8CA-S%C4%A8-PH%C3%81P%E2%80%9D,,21.036900,105.835100,88415cb4adfffff
[Hà Nội] Những Thành Phố Mơ Màng Summer 2026,Công Viên Yên Sở (ngoài trời),12/07/26,16:00,22:30,concert,,https://ticketbox.vn/nhung-thanh-pho-mo-mang-summer-hanoi-2026-25746,,20.982100,105.873400,88415cb45bfffff
KHAI MẠC TRIỂN LÃM “NGÀN NĂM DI SẢN” TẠI VĂN MIẾU - QUỐC TỬ GIÁM,"Nhà Tiền Đường, khu Thái Học, di tích Văn Miếu – Quốc Tử Giám",12/08/26,16:00,17:00,cultural_event,,https://vanmieu.gov.vn/vi/events/event-calendar/ended-events/KHAI-M%E1%BA%A0C-TRI%E1%BB%82N-L%C3%83M-%E2%80%9CNG%C3%80N-N%C4%82M-DI-S%E1%BA%A2N%E2%80%9D-T%E1%BA%A0I-V%C4%82N-MI%E1%BA%BEU-QU%E1%BB%90C-T%E1%BB%AC-GI%C3%81M,,21.036900,105.835100,88415cb4adfffff
"Triển lãm Quốc tế PCCC, CNCH và Thiết bị An ninh (Secutech Vietnam) 2026","Cung Văn hóa Lao động Hữu nghị Việt Xô, Hà Nội",12/09/26,00:00,23:59,exhibition,,https://lehoivietnam.com.vn/vi/su-kien/6584-e6584-trien-lam-quoc-te-ve-ky-thuat-phuong-tien-phong-chay-chua-chay-cuu-nan-cuu-ho-va-thiet-bi-an-ninh-an-toan-bao-ve-nam-2026,,21.008500,105.783200,884143694dfffff
KHAI MẠC TRƯNG BÀY “NÉT HÀ THÀNH - CÂU CHUYỆN HÀ NỘI QUA TÀ ÁO DÀI”,,12/09/26,09:00,17:00,cultural_event,,https://vanmieu.gov.vn/vi/events/event-calendar/ended-events/KHAI-M%E1%BA%A0C-TR%C6%AFNG-B%C3%80Y-%E2%80%9CN%C3%89T-H%C3%80-TH%C3%80NH-C%C3%82U-CHUY%E1%BB%86N-H%C3%80-N%E1%BB%98I-QUA-T%C3%80-%C3%81O-D%C3%80I%E2%80%9D,,,,
KHAI MẠC TRƯNG BÀY “NÉT KINH KỲ”,"Khu vực Hậu viên nhà Thái Học, Di tích Quốc gia đặc biệt Văn Miếu – Quốc Tử Giám",12/09/26,09:00,09:00,cultural_event,,https://vanmieu.gov.vn/vi/events/event-calendar/ended-events/THE-%22N%C3%89T-KINH-K%E1%BB%B2%22-EXHIBITION,,21.036900,105.835100,88415cb4adfffff
PHÁT ĐỘNG CUỘC THI “950 NÉT CHỮ”,Văn Miếu – Quốc Tử Giám,12/09/26,09:00,09:00,cultural_event,,https://vanmieu.gov.vn/vi/events/event-calendar/ongoing-events/PH%C3%81T-%C4%90%E1%BB%98NG-CU%E1%BB%98C-THI-%E2%80%9C950-N%C3%89T-CH%E1%BB%AE%E2%80%9D,,21.036900,105.835100,88415cb4adfffff
[FESTIVAL THĂNG LONG - HÀ NỘI 2026] TRƯNG BÀY “NÉT HÀ THÀNH”,"Không gian Hồ Văn, Di tích Văn Miếu – Quốc Tử Giám",12/09/26,09:00,17:00,cultural_event,,https://vanmieu.gov.vn/vi/events/event-calendar/ended-events/(S%E1%BA%AEP-DI%E1%BB%84N-RA)-TR%C6%AFNG-B%C3%80Y-%E2%80%9CN%C3%89T-H%C3%80-TH%C3%80NH%E2%80%9D,,21.036900,105.835100,88415cb4adfffff
[FESTIVAL THĂNG LONG - HÀ NỘI 2026] TRƯNG BÀY “NÉT KINH KỲ - HÀ NỘI 36 PHỐ PHƯỜNG”,"Hậu viên khu Thái Học, Văn Miếu – Quốc Tử Giám",12/09/26,09:00,17:00,cultural_event,,https://vanmieu.gov.vn/vi/events/event-calendar/ended-events/Exhibition%20%E2%80%9CN%C3%A9t%20Kinh%20K%E1%BB%B3%20%E2%80%93%20Hanoi%E2%80%99s%2036%20Streets%E2%80%9D,,21.036900,105.835100,88415cb4adfffff
KHAI MẠC TRIỂN LÃM “NGÀN NĂM DI SẢN” TẠI VĂN MIẾU - QUỐC TỬ GIÁM,"Nhà Tiền Đường, khu Thái Học, di tích Văn Miếu – Quốc Tử Giám",12/09/26,16:00,17:00,cultural_event,,https://vanmieu.gov.vn/vi/events/event-calendar/ended-events/KHAI-M%E1%BA%A0C-TRI%E1%BB%82N-L%C3%83M-%E2%80%9CNG%C3%80N-N%C4%82M-DI-S%E1%BA%A2N%E2%80%9D-T%E1%BA%A0I-V%C4%82N-MI%E1%BA%BEU-QU%E1%BB%90C-T%E1%BB%AC-GI%C3%81M,,21.036900,105.835100,88415cb4adfffff
Hà Nội vs Sông Lam Nghệ An,SVĐ Hàng Đẫy,12/09/26,19:15,21:15,football,8500,https://vpf.vn/match/ha-noi-vs-song-lam-nghe-an-8/,,21.045100,105.784100,88415ca65bfffff
"[FESTIVAL THĂNG LONG - HÀ NỘI 2026] CHƯƠNG TRÌNH NGHỆ THUẬT ""KHAI VĂN""",Di tích Quốc gia đặc biệt Văn Miếu - Quốc Tử Giám,12/09/26,19:30,19:30,cultural_event,,https://vanmieu.gov.vn/vi/events/event-calendar/ongoing-events/KHAI-V%C4%82N-H%C3%80NH-TR%C3%8CNH-950-N%C4%82M-QU%E1%BB%90C-T%E1%BB%AC-GI%C3%81M,,21.036900,105.835100,88415cb4adfffff
"“KHAI VĂN” – TÔN VINH ĐẠO HỌC VIỆT NAM, LAN TỎA TINH THẦN HIẾU HỌC VÀ KHÁT VỌNG CỐNG HIẾN","Vườn Giám, Di tích Quốc gia đặc biệt Văn Miếu – Quốc Tử Giám",12/09/26,19:30,22:00,cultural_event,,"https://vanmieu.gov.vn/vi/events/event-calendar/ended-events/%E2%80%9CKHAI-V%C4%82N%E2%80%9D-%E2%80%93-T%C3%94N-VINH-%C4%90%E1%BA%A0O-H%E1%BB%8CC-VI%E1%BB%86T-NAM,-LAN-T%E1%BB%8EA-TINH-TH%E1%BA%A6N-HI%E1%BA%BEU-H%E1%BB%8CC-V%C3%80-KH%C3%81T-V%E1%BB%8CNG-C%E1%BB%90NG-HI%E1%BA%BEN",,21.036900,105.835100,88415cb4adfffff
"""Những chiếc cổng"" - Cuộc đối thoại giữa quá khứ và hiện tại",Văn Miếu - Quốc Tử Giám,13/07/26,09:00,09:00,cultural_event,,https://vanmieu.gov.vn/vi/events/event-calendar/ended-events/%22Nh%E1%BB%AFng-chi%E1%BA%BFc-c%E1%BB%95ng%22-Cu%E1%BB%99c-%C4%91%E1%BB%91i-tho%E1%BA%A1i-gi%E1%BB%AFa-qu%C3%A1-kh%E1%BB%A9-v%C3%A0-hi%E1%BB%87n-t%E1%BA%A1i,,21.036900,105.835100,88415cb4adfffff
KHAI MẠC TRIỂN LÃM “QUỐC TỬ GIÁM TRONG NGHỆ THUẬT” TẠI VĂN MIẾU - QUỐC TỬ GIÁM,Văn Miếu - Quốc Tử Giám,13/07/26,09:00,17:00,cultural_event,,https://vanmieu.gov.vn/vi/events/event-calendar/ended-events/KHAI-M%E1%BA%A0C-TRI%E1%BB%82N-L%C3%83M-%E2%80%9CQU%E1%BB%90C-T%E1%BB%AC-GI%C3%81M-TRONG-NGH%E1%BB%86-THU%E1%BA%ACT%E2%80%9D-T%E1%BA%A0I-V%C4%82N-MI%E1%BA%BEU-QU%E1%BB%90C-T%E1%BB%AC-GI%C3%81M,,21.036900,105.835100,88415cb4adfffff
VĂN MIẾU - QUỐC TỬ GIÁM NHỮNG NĂM 1975 QUA NÉT CỌ CỦA HỌA SĨ TRỊNH HỮU NGỌC,Văn Miếu - Quốc Tử Giám,13/07/26,09:00,17:00,cultural_event,,https://vanmieu.gov.vn/vi/events/event-calendar/ended-events/V%C4%82N-MI%E1%BA%BEU-QU%E1%BB%90C-T%E1%BB%AC-GI%C3%81M-NH%E1%BB%AENG-N%C4%82M-1975-QUA-N%C3%89T-C%E1%BB%8C-C%E1%BB%A6A-H%E1%BB%8CA-S%C4%A8-TR%E1%BB%8ANH-H%E1%BB%AEU-NG%E1%BB%8CC,,21.036900,105.835100,88415cb4adfffff
VĂN MIẾU – QUỐC TỬ GIÁM QUA NÉT VẼ CỦA HAI  HỌA SĨ QUỐC TẾ,,13/07/26,09:00,17:00,cultural_event,,https://vanmieu.gov.vn/vi/events/event-calendar/ended-events/V%C4%82N-MI%E1%BA%BEU-%E2%80%93-QU%E1%BB%90C-T%E1%BB%AC-GI%C3%81M-QUA-N%C3%89T-V%E1%BA%BC-C%E1%BB%A6A-HAI-H%E1%BB%8CA-S%C4%A8-QU%E1%BB%90C-T%E1%BA%BE,,,,
“DẤU XƯA VĂN MIẾU – QUỐC TỬ GIÁM QUA NÉT CỌ CỦA CÁC HỌA SĨ PHÁP”,"Tiền Đường, khu Thái Học, Văn Miếu - Quốc Tử Giám",13/07/26,09:00,09:00,cultural_event,,https://vanmieu.gov.vn/vi/events/event-calendar/ended-events/%E2%80%9CD%E1%BA%A4U-X%C6%AFA-V%C4%82N-MI%E1%BA%BEU-%E2%80%93-QU%E1%BB%90C-T%E1%BB%AC-GI%C3%81M-QUA-N%C3%89T-C%E1%BB%8C-C%E1%BB%A6A-C%C3%81C-H%E1%BB%8CA-S%C4%A8-PH%C3%81P%E2%80%9D,,21.036900,105.835100,88415cb4adfffff
KHAI MẠC TRIỂN LÃM “NGÀN NĂM DI SẢN” TẠI VĂN MIẾU - QUỐC TỬ GIÁM,"Nhà Tiền Đường, khu Thái Học, di tích Văn Miếu – Quốc Tử Giám",13/08/26,16:00,17:00,cultural_event,,https://vanmieu.gov.vn/vi/events/event-calendar/ended-events/KHAI-M%E1%BA%A0C-TRI%E1%BB%82N-L%C3%83M-%E2%80%9CNG%C3%80N-N%C4%82M-DI-S%E1%BA%A2N%E2%80%9D-T%E1%BA%A0I-V%C4%82N-MI%E1%BA%BEU-QU%E1%BB%90C-T%E1%BB%AC-GI%C3%81M,,21.036900,105.835100,88415cb4adfffff
"Sở GDĐT tập huấn công tác tổ chức bữa ăn bán trú cho hơn 600 Hiệu trưởng trường Mầm non, Tiểu học",,13/09/26,07:00,10:00,other,,https://www.hanoi.edu.vn/tin-tuc-su-kien/so-gddt-tap-huan-cong-tac-to-chuc-bua-an-ban-tru-cho-hon-600-hieu-truong-truong/ctfull/525/17124,,,,
KHAI MẠC TRƯNG BÀY “NÉT HÀ THÀNH - CÂU CHUYỆN HÀ NỘI QUA TÀ ÁO DÀI”,,13/09/26,09:00,17:00,cultural_event,,https://vanmieu.gov.vn/vi/events/event-calendar/ended-events/KHAI-M%E1%BA%A0C-TR%C6%AFNG-B%C3%80Y-%E2%80%9CN%C3%89T-H%C3%80-TH%C3%80NH-C%C3%82U-CHUY%E1%BB%86N-H%C3%80-N%E1%BB%98I-QUA-T%C3%80-%C3%81O-D%C3%80I%E2%80%9D,,,,
KHAI MẠC TRƯNG BÀY “NÉT KINH KỲ”,"Khu vực Hậu viên nhà Thái Học, Di tích Quốc gia đặc biệt Văn Miếu – Quốc Tử Giám",13/09/26,09:00,09:00,cultural_event,,https://vanmieu.gov.vn/vi/events/event-calendar/ended-events/THE-%22N%C3%89T-KINH-K%E1%BB%B2%22-EXHIBITION,,21.036900,105.835100,88415cb4adfffff
PHÁT ĐỘNG CUỘC THI “950 NÉT CHỮ”,Văn Miếu – Quốc Tử Giám,13/09/26,09:00,09:00,cultural_event,,https://vanmieu.gov.vn/vi/events/event-calendar/ongoing-events/PH%C3%81T-%C4%90%E1%BB%98NG-CU%E1%BB%98C-THI-%E2%80%9C950-N%C3%89T-CH%E1%BB%AE%E2%80%9D,,21.036900,105.835100,88415cb4adfffff
[FESTIVAL THĂNG LONG - HÀ NỘI 2026] TRƯNG BÀY “NÉT HÀ THÀNH”,"Không gian Hồ Văn, Di tích Văn Miếu – Quốc Tử Giám",13/09/26,09:00,17:00,cultural_event,,https://vanmieu.gov.vn/vi/events/event-calendar/ended-events/(S%E1%BA%AEP-DI%E1%BB%84N-RA)-TR%C6%AFNG-B%C3%80Y-%E2%80%9CN%C3%89T-H%C3%80-TH%C3%80NH%E2%80%9D,,21.036900,105.835100,88415cb4adfffff
[FESTIVAL THĂNG LONG - HÀ NỘI 2026] TRƯNG BÀY “NÉT KINH KỲ - HÀ NỘI 36 PHỐ PHƯỜNG”,"Hậu viên khu Thái Học, Văn Miếu – Quốc Tử Giám",13/09/26,09:00,17:00,cultural_event,,https://vanmieu.gov.vn/vi/events/event-calendar/ended-events/Exhibition%20%E2%80%9CN%C3%A9t%20Kinh%20K%E1%BB%B3%20%E2%80%93%20Hanoi%E2%80%99s%2036%20Streets%E2%80%9D,,21.036900,105.835100,88415cb4adfffff
KHAI MẠC TRIỂN LÃM “NGÀN NĂM DI SẢN” TẠI VĂN MIẾU - QUỐC TỬ GIÁM,"Nhà Tiền Đường, khu Thái Học, di tích Văn Miếu – Quốc Tử Giám",13/09/26,16:00,17:00,cultural_event,,https://vanmieu.gov.vn/vi/events/event-calendar/ended-events/KHAI-M%E1%BA%A0C-TRI%E1%BB%82N-L%C3%83M-%E2%80%9CNG%C3%80N-N%C4%82M-DI-S%E1%BA%A2N%E2%80%9D-T%E1%BA%A0I-V%C4%82N-MI%E1%BA%BEU-QU%E1%BB%90C-T%E1%BB%AC-GI%C3%81M,,21.036900,105.835100,88415cb4adfffff
"""Những chiếc cổng"" - Cuộc đối thoại giữa quá khứ và hiện tại",Văn Miếu - Quốc Tử Giám,14/07/26,09:00,09:00,cultural_event,,https://vanmieu.gov.vn/vi/events/event-calendar/ended-events/%22Nh%E1%BB%AFng-chi%E1%BA%BFc-c%E1%BB%95ng%22-Cu%E1%BB%99c-%C4%91%E1%BB%91i-tho%E1%BA%A1i-gi%E1%BB%AFa-qu%C3%A1-kh%E1%BB%A9-v%C3%A0-hi%E1%BB%87n-t%E1%BA%A1i,,21.036900,105.835100,88415cb4adfffff
KHAI MẠC TRIỂN LÃM “QUỐC TỬ GIÁM TRONG NGHỆ THUẬT” TẠI VĂN MIẾU - QUỐC TỬ GIÁM,Văn Miếu - Quốc Tử Giám,14/07/26,09:00,17:00,cultural_event,,https://vanmieu.gov.vn/vi/events/event-calendar/ended-events/KHAI-M%E1%BA%A0C-TRI%E1%BB%82N-L%C3%83M-%E2%80%9CQU%E1%BB%90C-T%E1%BB%AC-GI%C3%81M-TRONG-NGH%E1%BB%86-THU%E1%BA%ACT%E2%80%9D-T%E1%BA%A0I-V%C4%82N-MI%E1%BA%BEU-QU%E1%BB%90C-T%E1%BB%AC-GI%C3%81M,,21.036900,105.835100,88415cb4adfffff
VĂN MIẾU - QUỐC TỬ GIÁM NHỮNG NĂM 1975 QUA NÉT CỌ CỦA HỌA SĨ TRỊNH HỮU NGỌC,Văn Miếu - Quốc Tử Giám,14/07/26,09:00,17:00,cultural_event,,https://vanmieu.gov.vn/vi/events/event-calendar/ended-events/V%C4%82N-MI%E1%BA%BEU-QU%E1%BB%90C-T%E1%BB%AC-GI%C3%81M-NH%E1%BB%AENG-N%C4%82M-1975-QUA-N%C3%89T-C%E1%BB%8C-C%E1%BB%A6A-H%E1%BB%8CA-S%C4%A8-TR%E1%BB%8ANH-H%E1%BB%AEU-NG%E1%BB%8CC,,21.036900,105.835100,88415cb4adfffff
VĂN MIẾU – QUỐC TỬ GIÁM QUA NÉT VẼ CỦA HAI  HỌA SĨ QUỐC TẾ,,14/07/26,09:00,17:00,cultural_event,,https://vanmieu.gov.vn/vi/events/event-calendar/ended-events/V%C4%82N-MI%E1%BA%BEU-%E2%80%93-QU%E1%BB%90C-T%E1%BB%AC-GI%C3%81M-QUA-N%C3%89T-V%E1%BA%BC-C%E1%BB%A6A-HAI-H%E1%BB%8CA-S%C4%A8-QU%E1%BB%90C-T%E1%BA%BE,,,,
“DẤU XƯA VĂN MIẾU – QUỐC TỬ GIÁM QUA NÉT CỌ CỦA CÁC HỌA SĨ PHÁP”,"Tiền Đường, khu Thái Học, Văn Miếu - Quốc Tử Giám",14/07/26,09:00,09:00,cultural_event,,https://vanmieu.gov.vn/vi/events/event-calendar/ended-events/%E2%80%9CD%E1%BA%A4U-X%C6%AFA-V%C4%82N-MI%E1%BA%BEU-%E2%80%93-QU%E1%BB%90C-T%E1%BB%AC-GI%C3%81M-QUA-N%C3%89T-C%E1%BB%8C-C%E1%BB%A6A-C%C3%81C-H%E1%BB%8CA-S%C4%A8-PH%C3%81P%E2%80%9D,,21.036900,105.835100,88415cb4adfffff
KHAI MẠC TRIỂN LÃM “NGÀN NĂM DI SẢN” TẠI VĂN MIẾU - QUỐC TỬ GIÁM,"Nhà Tiền Đường, khu Thái Học, di tích Văn Miếu – Quốc Tử Giám",14/08/26,16:00,17:00,cultural_event,,https://vanmieu.gov.vn/vi/events/event-calendar/ended-events/KHAI-M%E1%BA%A0C-TRI%E1%BB%82N-L%C3%83M-%E2%80%9CNG%C3%80N-N%C4%82M-DI-S%E1%BA%A2N%E2%80%9D-T%E1%BA%A0I-V%C4%82N-MI%E1%BA%BEU-QU%E1%BB%90C-T%E1%BB%AC-GI%C3%81M,,21.036900,105.835100,88415cb4adfffff
KHAI MẠC TRƯNG BÀY “NÉT HÀ THÀNH - CÂU CHUYỆN HÀ NỘI QUA TÀ ÁO DÀI”,,14/09/26,09:00,17:00,cultural_event,,https://vanmieu.gov.vn/vi/events/event-calendar/ended-events/KHAI-M%E1%BA%A0C-TR%C6%AFNG-B%C3%80Y-%E2%80%9CN%C3%89T-H%C3%80-TH%C3%80NH-C%C3%82U-CHUY%E1%BB%86N-H%C3%80-N%E1%BB%98I-QUA-T%C3%80-%C3%81O-D%C3%80I%E2%80%9D,,,,
KHAI MẠC TRƯNG BÀY “NÉT KINH KỲ”,"Khu vực Hậu viên nhà Thái Học, Di tích Quốc gia đặc biệt Văn Miếu – Quốc Tử Giám",14/09/26,09:00,09:00,cultural_event,,https://vanmieu.gov.vn/vi/events/event-calendar/ended-events/THE-%22N%C3%89T-KINH-K%E1%BB%B2%22-EXHIBITION,,21.036900,105.835100,88415cb4adfffff
PHÁT ĐỘNG CUỘC THI “950 NÉT CHỮ”,Văn Miếu – Quốc Tử Giám,14/09/26,09:00,09:00,cultural_event,,https://vanmieu.gov.vn/vi/events/event-calendar/ongoing-events/PH%C3%81T-%C4%90%E1%BB%98NG-CU%E1%BB%98C-THI-%E2%80%9C950-N%C3%89T-CH%E1%BB%AE%E2%80%9D,,21.036900,105.835100,88415cb4adfffff
[FESTIVAL THĂNG LONG - HÀ NỘI 2026] TRƯNG BÀY “NHẤT TRỐNG”,"Hậu viên, Văn Miếu - Quốc Tử Giám",14/09/26,09:00,17:00,cultural_event,,https://vanmieu.gov.vn/vi/events/event-calendar/ended-events/%5BS%E1%BA%AEP-DI%E1%BB%84N-RA-FESTIVAL-TH%C4%82NG-LONG-H%C3%80-N%E1%BB%98I-2026%5D-%E2%80%9CNH%E1%BA%A4T-TR%E1%BB%90NG%E2%80%9D,,21.036900,105.835100,88415cb4adfffff
[FESTIVAL THĂNG LONG - HÀ NỘI 2026] TRƯNG BÀY “NÉT HÀ THÀNH”,"Không gian Hồ Văn, Di tích Văn Miếu – Quốc Tử Giám",14/09/26,09:00,17:00,cultural_event,,https://vanmieu.gov.vn/vi/events/event-calendar/ended-events/(S%E1%BA%AEP-DI%E1%BB%84N-RA)-TR%C6%AFNG-B%C3%80Y-%E2%80%9CN%C3%89T-H%C3%80-TH%C3%80NH%E2%80%9D,,21.036900,105.835100,88415cb4adfffff
[FESTIVAL THĂNG LONG - HÀ NỘI 2026] TRƯNG BÀY “NÉT KINH KỲ - HÀ NỘI 36 PHỐ PHƯỜNG”,"Hậu viên khu Thái Học, Văn Miếu – Quốc Tử Giám",14/09/26,09:00,17:00,cultural_event,,https://vanmieu.gov.vn/vi/events/event-calendar/ended-events/Exhibition%20%E2%80%9CN%C3%A9t%20Kinh%20K%E1%BB%B3%20%E2%80%93%20Hanoi%E2%80%99s%2036%20Streets%E2%80%9D,,21.036900,105.835100,88415cb4adfffff
KHAI MẠC TRIỂN LÃM “NGÀN NĂM DI SẢN” TẠI VĂN MIẾU - QUỐC TỬ GIÁM,"Nhà Tiền Đường, khu Thái Học, di tích Văn Miếu – Quốc Tử Giám",14/09/26,16:00,17:00,cultural_event,,https://vanmieu.gov.vn/vi/events/event-calendar/ended-events/KHAI-M%E1%BA%A0C-TRI%E1%BB%82N-L%C3%83M-%E2%80%9CNG%C3%80N-N%C4%82M-DI-S%E1%BA%A2N%E2%80%9D-T%E1%BA%A0I-V%C4%82N-MI%E1%BA%BEU-QU%E1%BB%90C-T%E1%BB%AC-GI%C3%81M,,21.036900,105.835100,88415cb4adfffff
"TRIỂN LÃM ""TỪ VĂN MIẾU – QUỐC TỬ GIÁM THĂNG LONG ĐẾN VĂN MIẾU DIÊN KHÁNH""",Bảo tàng Khánh Hoà,15/07/26,08:00,17:00,cultural_event,,https://vanmieu.gov.vn/vi/events/event-calendar/ended-events/Exhibition-of-Qu%E1%BB%91c-T%E1%BB%AD-Gi%C3%A1m-The-First-National-Academy-and-V%C4%83n-Mi%E1%BA%BFu-Di%C3%AAn-Kh%C3%A1nh-at-Kh%C3%A1nh-Ho%C3%A0-Museum-on-July-15th,,12.238800,109.196700,886914d55bfffff
"""Những chiếc cổng"" - Cuộc đối thoại giữa quá khứ và hiện tại",Văn Miếu - Quốc Tử Giám,15/07/26,09:00,09:00,cultural_event,,https://vanmieu.gov.vn/vi/events/event-calendar/ended-events/%22Nh%E1%BB%AFng-chi%E1%BA%BFc-c%E1%BB%95ng%22-Cu%E1%BB%99c-%C4%91%E1%BB%91i-tho%E1%BA%A1i-gi%E1%BB%AFa-qu%C3%A1-kh%E1%BB%A9-v%C3%A0-hi%E1%BB%87n-t%E1%BA%A1i,,21.036900,105.835100,88415cb4adfffff
KHAI MẠC TRIỂN LÃM “QUỐC TỬ GIÁM TRONG NGHỆ THUẬT” TẠI VĂN MIẾU - QUỐC TỬ GIÁM,Văn Miếu - Quốc Tử Giám,15/07/26,09:00,17:00,cultural_event,,https://vanmieu.gov.vn/vi/events/event-calendar/ended-events/KHAI-M%E1%BA%A0C-TRI%E1%BB%82N-L%C3%83M-%E2%80%9CQU%E1%BB%90C-T%E1%BB%AC-GI%C3%81M-TRONG-NGH%E1%BB%86-THU%E1%BA%ACT%E2%80%9D-T%E1%BA%A0I-V%C4%82N-MI%E1%BA%BEU-QU%E1%BB%90C-T%E1%BB%AC-GI%C3%81M,,21.036900,105.835100,88415cb4adfffff
VĂN MIẾU - QUỐC TỬ GIÁM NHỮNG NĂM 1975 QUA NÉT CỌ CỦA HỌA SĨ TRỊNH HỮU NGỌC,Văn Miếu - Quốc Tử Giám,15/07/26,09:00,17:00,cultural_event,,https://vanmieu.gov.vn/vi/events/event-calendar/ended-events/V%C4%82N-MI%E1%BA%BEU-QU%E1%BB%90C-T%E1%BB%AC-GI%C3%81M-NH%E1%BB%AENG-N%C4%82M-1975-QUA-N%C3%89T-C%E1%BB%8C-C%E1%BB%A6A-H%E1%BB%8CA-S%C4%A8-TR%E1%BB%8ANH-H%E1%BB%AEU-NG%E1%BB%8CC,,21.036900,105.835100,88415cb4adfffff
VĂN MIẾU – QUỐC TỬ GIÁM QUA NÉT VẼ CỦA HAI  HỌA SĨ QUỐC TẾ,,15/07/26,09:00,17:00,cultural_event,,https://vanmieu.gov.vn/vi/events/event-calendar/ended-events/V%C4%82N-MI%E1%BA%BEU-%E2%80%93-QU%E1%BB%90C-T%E1%BB%AC-GI%C3%81M-QUA-N%C3%89T-V%E1%BA%BC-C%E1%BB%A6A-HAI-H%E1%BB%8CA-S%C4%A8-QU%E1%BB%90C-T%E1%BA%BE,,,,
“DẤU XƯA VĂN MIẾU – QUỐC TỬ GIÁM QUA NÉT CỌ CỦA CÁC HỌA SĨ PHÁP”,"Tiền Đường, khu Thái Học, Văn Miếu - Quốc Tử Giám",15/07/26,09:00,09:00,cultural_event,,https://vanmieu.gov.vn/vi/events/event-calendar/ended-events/%E2%80%9CD%E1%BA%A4U-X%C6%AFA-V%C4%82N-MI%E1%BA%BEU-%E2%80%93-QU%E1%BB%90C-T%E1%BB%AC-GI%C3%81M-QUA-N%C3%89T-C%E1%BB%8C-C%E1%BB%A6A-C%C3%81C-H%E1%BB%8CA-S%C4%A8-PH%C3%81P%E2%80%9D,,21.036900,105.835100,88415cb4adfffff
CARROT DAY 2026,Vietnam Exposition Center,15/08/26,09:00,20:00,concert,2000,https://ticketbox.vn/carrot-day-2026-26406,https://thethaovanhoa.vn/print-20260816152123824.htm,21.221900,105.854700,88415cae0dfffff
KHAI MẠC TRIỂN LÃM “NGÀN NĂM DI SẢN” TẠI VĂN MIẾU - QUỐC TỬ GIÁM,"Nhà Tiền Đường, khu Thái Học, di tích Văn Miếu – Quốc Tử Giám",15/08/26,16:00,17:00,cultural_event,,https://vanmieu.gov.vn/vi/events/event-calendar/ended-events/KHAI-M%E1%BA%A0C-TRI%E1%BB%82N-L%C3%83M-%E2%80%9CNG%C3%80N-N%C4%82M-DI-S%E1%BA%A2N%E2%80%9D-T%E1%BA%A0I-V%C4%82N-MI%E1%BA%BEU-QU%E1%BB%90C-T%E1%BB%AC-GI%C3%81M,,21.036900,105.835100,88415cb4adfffff
RESONATE - SOLO PIANO CONCERT,Việt Thương Concert Hall,15/08/26,19:00,21:00,concert,,https://ticketbox.vn/resonate-solo-piano-concert-26403,,21.027600,105.852900,88415cb4e5fffff
LEGACY OF LOVE - 10 năm tưởng nhớ nhạc sĩ Thanh Tùng,TRUNG TÂM HỘI NGHỊ QUỐC GIA,15/08/26,20:00,22:00,concert,4000,https://ticketbox.vn/legacy-of-love-10-nam-tuong-nho-thanh-tung-26227,https://thethaovanhoa.vn/legacy-of-love-dieu-truong-sang-trong-trong-di-san-thanh-tung-20260816113028205.htm,21.040200,105.787100,8841436965fffff
KHAI MẠC CHƯƠNG TRÌNH “NÉT CHỮ AN NHIÊN” - NGHỆ THUẬT THƯ PHÁP TRỞ THÀNH MỘT TRẢI NGHIỆM VĂN HÓA TRONG KHÔNG GIAN DI SẢN,Văn Miếu - Quốc Tử Giám,15/09/26,09:00,09:00,cultural_event,,https://vanmieu.gov.vn/vi/events/event-calendar/ended-events/KHAI-M%E1%BA%A0C-CH%C6%AF%C6%A0NG-TR%C3%8CNH-%E2%80%9CN%C3%89T-CH%E1%BB%AE-AN-NHI%C3%8AN%E2%80%9D-NGH%E1%BB%86-THU%E1%BA%ACT-TH%C6%AF-PH%C3%81P-TR%E1%BB%9E-TH%C3%80NH-M%E1%BB%98T-TR%E1%BA%A2I-NGHI%E1%BB%86M-V%C4%82N-H%C3%93A-TRONG-KH%C3%94NG-GIAN-DI-S%E1%BA%A2N,,21.036900,105.835100,88415cb4adfffff
KHAI MẠC TRƯNG BÀY “NÉT HÀ THÀNH - CÂU CHUYỆN HÀ NỘI QUA TÀ ÁO DÀI”,,15/09/26,09:00,17:00,cultural_event,,https://vanmieu.gov.vn/vi/events/event-calendar/ended-events/KHAI-M%E1%BA%A0C-TR%C6%AFNG-B%C3%80Y-%E2%80%9CN%C3%89T-H%C3%80-TH%C3%80NH-C%C3%82U-CHUY%E1%BB%86N-H%C3%80-N%E1%BB%98I-QUA-T%C3%80-%C3%81O-D%C3%80I%E2%80%9D,,,,
KHAI MẠC TRƯNG BÀY “NÉT KINH KỲ”,"Khu vực Hậu viên nhà Thái Học, Di tích Quốc gia đặc biệt Văn Miếu – Quốc Tử Giám",15/09/26,09:00,09:00,cultural_event,,https://vanmieu.gov.vn/vi/events/event-calendar/ended-events/THE-%22N%C3%89T-KINH-K%E1%BB%B2%22-EXHIBITION,,21.036900,105.835100,88415cb4adfffff
PHÁT ĐỘNG CUỘC THI “950 NÉT CHỮ”,Văn Miếu – Quốc Tử Giám,15/09/26,09:00,09:00,cultural_event,,https://vanmieu.gov.vn/vi/events/event-calendar/ongoing-events/PH%C3%81T-%C4%90%E1%BB%98NG-CU%E1%BB%98C-THI-%E2%80%9C950-N%C3%89T-CH%E1%BB%AE%E2%80%9D,,21.036900,105.835100,88415cb4adfffff
[FESTIVAL THĂNG LONG - HÀ NỘI 2026] TRƯNG BÀY “NHẤT TRỐNG”,"Hậu viên, Văn Miếu - Quốc Tử Giám",15/09/26,09:00,17:00,cultural_event,,https://vanmieu.gov.vn/vi/events/event-calendar/ended-events/%5BS%E1%BA%AEP-DI%E1%BB%84N-RA-FESTIVAL-TH%C4%82NG-LONG-H%C3%80-N%E1%BB%98I-2026%5D-%E2%80%9CNH%E1%BA%A4T-TR%E1%BB%90NG%E2%80%9D,,21.036900,105.835100,88415cb4adfffff
[FESTIVAL THĂNG LONG - HÀ NỘI 2026] TRƯNG BÀY “NÉT CHỮ AN NHIÊN”,"Vườn Giám, Văn Miếu – Quốc Tử Giám",15/09/26,09:00,17:00,cultural_event,,https://vanmieu.gov.vn/vi/events/event-calendar/ended-events/%5BS%E1%BA%AEP-DI%E1%BB%84N-RA-FESTIVAL-TH%C4%82NG-LONG-H%C3%80-N%E1%BB%98I-2026%5D-%E2%80%9CN%C3%89T-CH%E1%BB%AE-AN-NHI%C3%8AN%E2%80%9D,,21.036900,105.835100,88415cb4adfffff
[FESTIVAL THĂNG LONG - HÀ NỘI 2026] TRƯNG BÀY “NÉT HÀ THÀNH”,"Không gian Hồ Văn, Di tích Văn Miếu – Quốc Tử Giám",15/09/26,09:00,17:00,cultural_event,,https://vanmieu.gov.vn/vi/events/event-calendar/ended-events/(S%E1%BA%AEP-DI%E1%BB%84N-RA)-TR%C6%AFNG-B%C3%80Y-%E2%80%9CN%C3%89T-H%C3%80-TH%C3%80NH%E2%80%9D,,21.036900,105.835100,88415cb4adfffff
[FESTIVAL THĂNG LONG - HÀ NỘI 2026] TRƯNG BÀY “NÉT KINH KỲ - HÀ NỘI 36 PHỐ PHƯỜNG”,"Hậu viên khu Thái Học, Văn Miếu – Quốc Tử Giám",15/09/26,09:00,17:00,cultural_event,,https://vanmieu.gov.vn/vi/events/event-calendar/ended-events/Exhibition%20%E2%80%9CN%C3%A9t%20Kinh%20K%E1%BB%B3%20%E2%80%93%20Hanoi%E2%80%99s%2036%20Streets%E2%80%9D,,21.036900,105.835100,88415cb4adfffff
KHAI MẠC TRIỂN LÃM “NGÀN NĂM DI SẢN” TẠI VĂN MIẾU - QUỐC TỬ GIÁM,"Nhà Tiền Đường, khu Thái Học, di tích Văn Miếu – Quốc Tử Giám",15/09/26,16:00,17:00,cultural_event,,https://vanmieu.gov.vn/vi/events/event-calendar/ended-events/KHAI-M%E1%BA%A0C-TRI%E1%BB%82N-L%C3%83M-%E2%80%9CNG%C3%80N-N%C4%82M-DI-S%E1%BA%A2N%E2%80%9D-T%E1%BA%A0I-V%C4%82N-MI%E1%BA%BEU-QU%E1%BB%90C-T%E1%BB%AC-GI%C3%81M,,21.036900,105.835100,88415cb4adfffff
"""Những chiếc cổng"" - Cuộc đối thoại giữa quá khứ và hiện tại",Văn Miếu - Quốc Tử Giám,16/07/26,09:00,09:00,cultural_event,,https://vanmieu.gov.vn/vi/events/event-calendar/ended-events/%22Nh%E1%BB%AFng-chi%E1%BA%BFc-c%E1%BB%95ng%22-Cu%E1%BB%99c-%C4%91%E1%BB%91i-tho%E1%BA%A1i-gi%E1%BB%AFa-qu%C3%A1-kh%E1%BB%A9-v%C3%A0-hi%E1%BB%87n-t%E1%BA%A1i,,21.036900,105.835100,88415cb4adfffff
KHAI MẠC TRIỂN LÃM “QUỐC TỬ GIÁM TRONG NGHỆ THUẬT” TẠI VĂN MIẾU - QUỐC TỬ GIÁM,Văn Miếu - Quốc Tử Giám,16/07/26,09:00,17:00,cultural_event,,https://vanmieu.gov.vn/vi/events/event-calendar/ended-events/KHAI-M%E1%BA%A0C-TRI%E1%BB%82N-L%C3%83M-%E2%80%9CQU%E1%BB%90C-T%E1%BB%AC-GI%C3%81M-TRONG-NGH%E1%BB%86-THU%E1%BA%ACT%E2%80%9D-T%E1%BA%A0I-V%C4%82N-MI%E1%BA%BEU-QU%E1%BB%90C-T%E1%BB%AC-GI%C3%81M,,21.036900,105.835100,88415cb4adfffff
VĂN MIẾU - QUỐC TỬ GIÁM NHỮNG NĂM 1975 QUA NÉT CỌ CỦA HỌA SĨ TRỊNH HỮU NGỌC,Văn Miếu - Quốc Tử Giám,16/07/26,09:00,17:00,cultural_event,,https://vanmieu.gov.vn/vi/events/event-calendar/ended-events/V%C4%82N-MI%E1%BA%BEU-QU%E1%BB%90C-T%E1%BB%AC-GI%C3%81M-NH%E1%BB%AENG-N%C4%82M-1975-QUA-N%C3%89T-C%E1%BB%8C-C%E1%BB%A6A-H%E1%BB%8CA-S%C4%A8-TR%E1%BB%8ANH-H%E1%BB%AEU-NG%E1%BB%8CC,,21.036900,105.835100,88415cb4adfffff
VĂN MIẾU – QUỐC TỬ GIÁM QUA NÉT VẼ CỦA HAI  HỌA SĨ QUỐC TẾ,,16/07/26,09:00,17:00,cultural_event,,https://vanmieu.gov.vn/vi/events/event-calendar/ended-events/V%C4%82N-MI%E1%BA%BEU-%E2%80%93-QU%E1%BB%90C-T%E1%BB%AC-GI%C3%81M-QUA-N%C3%89T-V%E1%BA%BC-C%E1%BB%A6A-HAI-H%E1%BB%8CA-S%C4%A8-QU%E1%BB%90C-T%E1%BA%BE,,,,
“DẤU XƯA VĂN MIẾU – QUỐC TỬ GIÁM QUA NÉT CỌ CỦA CÁC HỌA SĨ PHÁP”,"Tiền Đường, khu Thái Học, Văn Miếu - Quốc Tử Giám",16/07/26,09:00,09:00,cultural_event,,https://vanmieu.gov.vn/vi/events/event-calendar/ended-events/%E2%80%9CD%E1%BA%A4U-X%C6%AFA-V%C4%82N-MI%E1%BA%BEU-%E2%80%93-QU%E1%BB%90C-T%E1%BB%AC-GI%C3%81M-QUA-N%C3%89T-C%E1%BB%8C-C%E1%BB%A6A-C%C3%81C-H%E1%BB%8CA-S%C4%A8-PH%C3%81P%E2%80%9D,,21.036900,105.835100,88415cb4adfffff
KHAI MẠC TRIỂN LÃM “NGÀN NĂM DI SẢN” TẠI VĂN MIẾU - QUỐC TỬ GIÁM,"Nhà Tiền Đường, khu Thái Học, di tích Văn Miếu – Quốc Tử Giám",16/08/26,16:00,17:00,cultural_event,,https://vanmieu.gov.vn/vi/events/event-calendar/ended-events/KHAI-M%E1%BA%A0C-TRI%E1%BB%82N-L%C3%83M-%E2%80%9CNG%C3%80N-N%C4%82M-DI-S%E1%BA%A2N%E2%80%9D-T%E1%BA%A0I-V%C4%82N-MI%E1%BA%BEU-QU%E1%BB%90C-T%E1%BB%AC-GI%C3%81M,,21.036900,105.835100,88415cb4adfffff
Giuseppe Ottaviani - APLUS HANOI - Sun 16.08  [MUSEUM OF SOUND],APLUS HANOI,16/08/26,20:00,23:59,concert,,https://ticketbox.vn/giuseppe-ottaviani-aplus-hanoi-26318,,21.028500,105.852700,88415cb4e5fffff
KHAI MẠC CHƯƠNG TRÌNH “NÉT CHỮ AN NHIÊN” - NGHỆ THUẬT THƯ PHÁP TRỞ THÀNH MỘT TRẢI NGHIỆM VĂN HÓA TRONG KHÔNG GIAN DI SẢN,Văn Miếu - Quốc Tử Giám,16/09/26,09:00,09:00,cultural_event,,https://vanmieu.gov.vn/vi/events/event-calendar/ended-events/KHAI-M%E1%BA%A0C-CH%C6%AF%C6%A0NG-TR%C3%8CNH-%E2%80%9CN%C3%89T-CH%E1%BB%AE-AN-NHI%C3%8AN%E2%80%9D-NGH%E1%BB%86-THU%E1%BA%ACT-TH%C6%AF-PH%C3%81P-TR%E1%BB%9E-TH%C3%80NH-M%E1%BB%98T-TR%E1%BA%A2I-NGHI%E1%BB%86M-V%C4%82N-H%C3%93A-TRONG-KH%C3%94NG-GIAN-DI-S%E1%BA%A2N,,21.036900,105.835100,88415cb4adfffff
KHAI MẠC TRƯNG BÀY “NÉT HÀ THÀNH - CÂU CHUYỆN HÀ NỘI QUA TÀ ÁO DÀI”,,16/09/26,09:00,17:00,cultural_event,,https://vanmieu.gov.vn/vi/events/event-calendar/ended-events/KHAI-M%E1%BA%A0C-TR%C6%AFNG-B%C3%80Y-%E2%80%9CN%C3%89T-H%C3%80-TH%C3%80NH-C%C3%82U-CHUY%E1%BB%86N-H%C3%80-N%E1%BB%98I-QUA-T%C3%80-%C3%81O-D%C3%80I%E2%80%9D,,,,
KHAI MẠC TRƯNG BÀY “NÉT KINH KỲ”,"Khu vực Hậu viên nhà Thái Học, Di tích Quốc gia đặc biệt Văn Miếu – Quốc Tử Giám",16/09/26,09:00,09:00,cultural_event,,https://vanmieu.gov.vn/vi/events/event-calendar/ended-events/THE-%22N%C3%89T-KINH-K%E1%BB%B2%22-EXHIBITION,,21.036900,105.835100,88415cb4adfffff
PHÁT ĐỘNG CUỘC THI “950 NÉT CHỮ”,Văn Miếu – Quốc Tử Giám,16/09/26,09:00,09:00,cultural_event,,https://vanmieu.gov.vn/vi/events/event-calendar/ongoing-events/PH%C3%81T-%C4%90%E1%BB%98NG-CU%E1%BB%98C-THI-%E2%80%9C950-N%C3%89T-CH%E1%BB%AE%E2%80%9D,,21.036900,105.835100,88415cb4adfffff
[FESTIVAL THĂNG LONG - HÀ NỘI 2026] TRƯNG BÀY “NHẤT TRỐNG”,"Hậu viên, Văn Miếu - Quốc Tử Giám",16/09/26,09:00,17:00,cultural_event,,https://vanmieu.gov.vn/vi/events/event-calendar/ended-events/%5BS%E1%BA%AEP-DI%E1%BB%84N-RA-FESTIVAL-TH%C4%82NG-LONG-H%C3%80-N%E1%BB%98I-2026%5D-%E2%80%9CNH%E1%BA%A4T-TR%E1%BB%90NG%E2%80%9D,,21.036900,105.835100,88415cb4adfffff
[FESTIVAL THĂNG LONG - HÀ NỘI 2026] TRƯNG BÀY “NÉT CHỮ AN NHIÊN”,"Vườn Giám, Văn Miếu – Quốc Tử Giám",16/09/26,09:00,17:00,cultural_event,,https://vanmieu.gov.vn/vi/events/event-calendar/ended-events/%5BS%E1%BA%AEP-DI%E1%BB%84N-RA-FESTIVAL-TH%C4%82NG-LONG-H%C3%80-N%E1%BB%98I-2026%5D-%E2%80%9CN%C3%89T-CH%E1%BB%AE-AN-NHI%C3%8AN%E2%80%9D,,21.036900,105.835100,88415cb4adfffff
[FESTIVAL THĂNG LONG - HÀ NỘI 2026] TRƯNG BÀY “NÉT HÀ THÀNH”,"Không gian Hồ Văn, Di tích Văn Miếu – Quốc Tử Giám",16/09/26,09:00,17:00,cultural_event,,https://vanmieu.gov.vn/vi/events/event-calendar/ended-events/(S%E1%BA%AEP-DI%E1%BB%84N-RA)-TR%C6%AFNG-B%C3%80Y-%E2%80%9CN%C3%89T-H%C3%80-TH%C3%80NH%E2%80%9D,,21.036900,105.835100,88415cb4adfffff
[FESTIVAL THĂNG LONG - HÀ NỘI 2026] TRƯNG BÀY “NÉT KINH KỲ - HÀ NỘI 36 PHỐ PHƯỜNG”,"Hậu viên khu Thái Học, Văn Miếu – Quốc Tử Giám",16/09/26,09:00,17:00,cultural_event,,https://vanmieu.gov.vn/vi/events/event-calendar/ended-events/Exhibition%20%E2%80%9CN%C3%A9t%20Kinh%20K%E1%BB%B3%20%E2%80%93%20Hanoi%E2%80%99s%2036%20Streets%E2%80%9D,,21.036900,105.835100,88415cb4adfffff
KHAI MẠC TRIỂN LÃM “NGÀN NĂM DI SẢN” TẠI VĂN MIẾU - QUỐC TỬ GIÁM,"Nhà Tiền Đường, khu Thái Học, di tích Văn Miếu – Quốc Tử Giám",16/09/26,16:00,17:00,cultural_event,,https://vanmieu.gov.vn/vi/events/event-calendar/ended-events/KHAI-M%E1%BA%A0C-TRI%E1%BB%82N-L%C3%83M-%E2%80%9CNG%C3%80N-N%C4%82M-DI-S%E1%BA%A2N%E2%80%9D-T%E1%BA%A0I-V%C4%82N-MI%E1%BA%BEU-QU%E1%BB%90C-T%E1%BB%AC-GI%C3%81M,,21.036900,105.835100,88415cb4adfffff
"""Những chiếc cổng"" - Cuộc đối thoại giữa quá khứ và hiện tại",Văn Miếu - Quốc Tử Giám,17/07/26,09:00,09:00,cultural_event,,https://vanmieu.gov.vn/vi/events/event-calendar/ended-events/%22Nh%E1%BB%AFng-chi%E1%BA%BFc-c%E1%BB%95ng%22-Cu%E1%BB%99c-%C4%91%E1%BB%91i-tho%E1%BA%A1i-gi%E1%BB%AFa-qu%C3%A1-kh%E1%BB%A9-v%C3%A0-hi%E1%BB%87n-t%E1%BA%A1i,,21.036900,105.835100,88415cb4adfffff
KHAI MẠC TRIỂN LÃM “QUỐC TỬ GIÁM TRONG NGHỆ THUẬT” TẠI VĂN MIẾU - QUỐC TỬ GIÁM,Văn Miếu - Quốc Tử Giám,17/07/26,09:00,17:00,cultural_event,,https://vanmieu.gov.vn/vi/events/event-calendar/ended-events/KHAI-M%E1%BA%A0C-TRI%E1%BB%82N-L%C3%83M-%E2%80%9CQU%E1%BB%90C-T%E1%BB%AC-GI%C3%81M-TRONG-NGH%E1%BB%86-THU%E1%BA%ACT%E2%80%9D-T%E1%BA%A0I-V%C4%82N-MI%E1%BA%BEU-QU%E1%BB%90C-T%E1%BB%AC-GI%C3%81M,,21.036900,105.835100,88415cb4adfffff
VĂN MIẾU - QUỐC TỬ GIÁM NHỮNG NĂM 1975 QUA NÉT CỌ CỦA HỌA SĨ TRỊNH HỮU NGỌC,Văn Miếu - Quốc Tử Giám,17/07/26,09:00,17:00,cultural_event,,https://vanmieu.gov.vn/vi/events/event-calendar/ended-events/V%C4%82N-MI%E1%BA%BEU-QU%E1%BB%90C-T%E1%BB%AC-GI%C3%81M-NH%E1%BB%AENG-N%C4%82M-1975-QUA-N%C3%89T-C%E1%BB%8C-C%E1%BB%A6A-H%E1%BB%8CA-S%C4%A8-TR%E1%BB%8ANH-H%E1%BB%AEU-NG%E1%BB%8CC,,21.036900,105.835100,88415cb4adfffff
VĂN MIẾU – QUỐC TỬ GIÁM QUA NÉT VẼ CỦA HAI  HỌA SĨ QUỐC TẾ,,17/07/26,09:00,17:00,cultural_event,,https://vanmieu.gov.vn/vi/events/event-calendar/ended-events/V%C4%82N-MI%E1%BA%BEU-%E2%80%93-QU%E1%BB%90C-T%E1%BB%AC-GI%C3%81M-QUA-N%C3%89T-V%E1%BA%BC-C%E1%BB%A6A-HAI-H%E1%BB%8CA-S%C4%A8-QU%E1%BB%90C-T%E1%BA%BE,,,,
“DẤU XƯA VĂN MIẾU – QUỐC TỬ GIÁM QUA NÉT CỌ CỦA CÁC HỌA SĨ PHÁP”,"Tiền Đường, khu Thái Học, Văn Miếu - Quốc Tử Giám",17/07/26,09:00,09:00,cultural_event,,https://vanmieu.gov.vn/vi/events/event-calendar/ended-events/%E2%80%9CD%E1%BA%A4U-X%C6%AFA-V%C4%82N-MI%E1%BA%BEU-%E2%80%93-QU%E1%BB%90C-T%E1%BB%AC-GI%C3%81M-QUA-N%C3%89T-C%E1%BB%8C-C%E1%BB%A6A-C%C3%81C-H%E1%BB%8CA-S%C4%A8-PH%C3%81P%E2%80%9D,,21.036900,105.835100,88415cb4adfffff
KHAI MẠC TRIỂN LÃM “NGÀN NĂM DI SẢN” TẠI VĂN MIẾU - QUỐC TỬ GIÁM,"Nhà Tiền Đường, khu Thái Học, di tích Văn Miếu – Quốc Tử Giám",17/08/26,16:00,17:00,cultural_event,,https://vanmieu.gov.vn/vi/events/event-calendar/ended-events/KHAI-M%E1%BA%A0C-TRI%E1%BB%82N-L%C3%83M-%E2%80%9CNG%C3%80N-N%C4%82M-DI-S%E1%BA%A2N%E2%80%9D-T%E1%BA%A0I-V%C4%82N-MI%E1%BA%BEU-QU%E1%BB%90C-T%E1%BB%AC-GI%C3%81M,,21.036900,105.835100,88415cb4adfffff
KHAI MẠC CHƯƠNG TRÌNH “NÉT CHỮ AN NHIÊN” - NGHỆ THUẬT THƯ PHÁP TRỞ THÀNH MỘT TRẢI NGHIỆM VĂN HÓA TRONG KHÔNG GIAN DI SẢN,Văn Miếu - Quốc Tử Giám,17/09/26,09:00,09:00,cultural_event,,https://vanmieu.gov.vn/vi/events/event-calendar/ended-events/KHAI-M%E1%BA%A0C-CH%C6%AF%C6%A0NG-TR%C3%8CNH-%E2%80%9CN%C3%89T-CH%E1%BB%AE-AN-NHI%C3%8AN%E2%80%9D-NGH%E1%BB%86-THU%E1%BA%ACT-TH%C6%AF-PH%C3%81P-TR%E1%BB%9E-TH%C3%80NH-M%E1%BB%98T-TR%E1%BA%A2I-NGHI%E1%BB%86M-V%C4%82N-H%C3%93A-TRONG-KH%C3%94NG-GIAN-DI-S%E1%BA%A2N,,21.036900,105.835100,88415cb4adfffff
KHAI MẠC TRƯNG BÀY “NÉT HÀ THÀNH - CÂU CHUYỆN HÀ NỘI QUA TÀ ÁO DÀI”,,17/09/26,09:00,17:00,cultural_event,,https://vanmieu.gov.vn/vi/events/event-calendar/ended-events/KHAI-M%E1%BA%A0C-TR%C6%AFNG-B%C3%80Y-%E2%80%9CN%C3%89T-H%C3%80-TH%C3%80NH-C%C3%82U-CHUY%E1%BB%86N-H%C3%80-N%E1%BB%98I-QUA-T%C3%80-%C3%81O-D%C3%80I%E2%80%9D,,,,
KHAI MẠC TRƯNG BÀY “NÉT KINH KỲ”,"Khu vực Hậu viên nhà Thái Học, Di tích Quốc gia đặc biệt Văn Miếu – Quốc Tử Giám",17/09/26,09:00,09:00,cultural_event,,https://vanmieu.gov.vn/vi/events/event-calendar/ended-events/THE-%22N%C3%89T-KINH-K%E1%BB%B2%22-EXHIBITION,,21.036900,105.835100,88415cb4adfffff
PHÁT ĐỘNG CUỘC THI “950 NÉT CHỮ”,Văn Miếu – Quốc Tử Giám,17/09/26,09:00,09:00,cultural_event,,https://vanmieu.gov.vn/vi/events/event-calendar/ongoing-events/PH%C3%81T-%C4%90%E1%BB%98NG-CU%E1%BB%98C-THI-%E2%80%9C950-N%C3%89T-CH%E1%BB%AE%E2%80%9D,,21.036900,105.835100,88415cb4adfffff
[FESTIVAL THĂNG LONG - HÀ NỘI 2026] TRƯNG BÀY “NHẤT TRỐNG”,"Hậu viên, Văn Miếu - Quốc Tử Giám",17/09/26,09:00,17:00,cultural_event,,https://vanmieu.gov.vn/vi/events/event-calendar/ended-events/%5BS%E1%BA%AEP-DI%E1%BB%84N-RA-FESTIVAL-TH%C4%82NG-LONG-H%C3%80-N%E1%BB%98I-2026%5D-%E2%80%9CNH%E1%BA%A4T-TR%E1%BB%90NG%E2%80%9D,,21.036900,105.835100,88415cb4adfffff
[FESTIVAL THĂNG LONG - HÀ NỘI 2026] TRƯNG BÀY “NÉT CHỮ AN NHIÊN”,"Vườn Giám, Văn Miếu – Quốc Tử Giám",17/09/26,09:00,17:00,cultural_event,,https://vanmieu.gov.vn/vi/events/event-calendar/ended-events/%5BS%E1%BA%AEP-DI%E1%BB%84N-RA-FESTIVAL-TH%C4%82NG-LONG-H%C3%80-N%E1%BB%98I-2026%5D-%E2%80%9CN%C3%89T-CH%E1%BB%AE-AN-NHI%C3%8AN%E2%80%9D,,21.036900,105.835100,88415cb4adfffff
[FESTIVAL THĂNG LONG - HÀ NỘI 2026] TRƯNG BÀY “NÉT HÀ THÀNH”,"Không gian Hồ Văn, Di tích Văn Miếu – Quốc Tử Giám",17/09/26,09:00,17:00,cultural_event,,https://vanmieu.gov.vn/vi/events/event-calendar/ended-events/(S%E1%BA%AEP-DI%E1%BB%84N-RA)-TR%C6%AFNG-B%C3%80Y-%E2%80%9CN%C3%89T-H%C3%80-TH%C3%80NH%E2%80%9D,,21.036900,105.835100,88415cb4adfffff
[FESTIVAL THĂNG LONG - HÀ NỘI 2026] TRƯNG BÀY “NÉT KINH KỲ - HÀ NỘI 36 PHỐ PHƯỜNG”,"Hậu viên khu Thái Học, Văn Miếu – Quốc Tử Giám",17/09/26,09:00,17:00,cultural_event,,https://vanmieu.gov.vn/vi/events/event-calendar/ended-events/Exhibition%20%E2%80%9CN%C3%A9t%20Kinh%20K%E1%BB%B3%20%E2%80%93%20Hanoi%E2%80%99s%2036%20Streets%E2%80%9D,,21.036900,105.835100,88415cb4adfffff
KHAI MẠC TRIỂN LÃM “NGÀN NĂM DI SẢN” TẠI VĂN MIẾU - QUỐC TỬ GIÁM,"Nhà Tiền Đường, khu Thái Học, di tích Văn Miếu – Quốc Tử Giám",17/09/26,16:00,17:00,cultural_event,,https://vanmieu.gov.vn/vi/events/event-calendar/ended-events/KHAI-M%E1%BA%A0C-TRI%E1%BB%82N-L%C3%83M-%E2%80%9CNG%C3%80N-N%C4%82M-DI-S%E1%BA%A2N%E2%80%9D-T%E1%BA%A0I-V%C4%82N-MI%E1%BA%BEU-QU%E1%BB%90C-T%E1%BB%AC-GI%C3%81M,,21.036900,105.835100,88415cb4adfffff
"""Những chiếc cổng"" - Cuộc đối thoại giữa quá khứ và hiện tại",Văn Miếu - Quốc Tử Giám,18/07/26,09:00,09:00,cultural_event,,https://vanmieu.gov.vn/vi/events/event-calendar/ended-events/%22Nh%E1%BB%AFng-chi%E1%BA%BFc-c%E1%BB%95ng%22-Cu%E1%BB%99c-%C4%91%E1%BB%91i-tho%E1%BA%A1i-gi%E1%BB%AFa-qu%C3%A1-kh%E1%BB%A9-v%C3%A0-hi%E1%BB%87n-t%E1%BA%A1i,,21.036900,105.835100,88415cb4adfffff
KHAI MẠC TRIỂN LÃM “QUỐC TỬ GIÁM TRONG NGHỆ THUẬT” TẠI VĂN MIẾU - QUỐC TỬ GIÁM,Văn Miếu - Quốc Tử Giám,18/07/26,09:00,17:00,cultural_event,,https://vanmieu.gov.vn/vi/events/event-calendar/ended-events/KHAI-M%E1%BA%A0C-TRI%E1%BB%82N-L%C3%83M-%E2%80%9CQU%E1%BB%90C-T%E1%BB%AC-GI%C3%81M-TRONG-NGH%E1%BB%86-THU%E1%BA%ACT%E2%80%9D-T%E1%BA%A0I-V%C4%82N-MI%E1%BA%BEU-QU%E1%BB%90C-T%E1%BB%AC-GI%C3%81M,,21.036900,105.835100,88415cb4adfffff
VĂN MIẾU - QUỐC TỬ GIÁM NHỮNG NĂM 1975 QUA NÉT CỌ CỦA HỌA SĨ TRỊNH HỮU NGỌC,Văn Miếu - Quốc Tử Giám,18/07/26,09:00,17:00,cultural_event,,https://vanmieu.gov.vn/vi/events/event-calendar/ended-events/V%C4%82N-MI%E1%BA%BEU-QU%E1%BB%90C-T%E1%BB%AC-GI%C3%81M-NH%E1%BB%AENG-N%C4%82M-1975-QUA-N%C3%89T-C%E1%BB%8C-C%E1%BB%A6A-H%E1%BB%8CA-S%C4%A8-TR%E1%BB%8ANH-H%E1%BB%AEU-NG%E1%BB%8CC,,21.036900,105.835100,88415cb4adfffff
VĂN MIẾU – QUỐC TỬ GIÁM QUA NÉT VẼ CỦA HAI  HỌA SĨ QUỐC TẾ,,18/07/26,09:00,17:00,cultural_event,,https://vanmieu.gov.vn/vi/events/event-calendar/ended-events/V%C4%82N-MI%E1%BA%BEU-%E2%80%93-QU%E1%BB%90C-T%E1%BB%AC-GI%C3%81M-QUA-N%C3%89T-V%E1%BA%BC-C%E1%BB%A6A-HAI-H%E1%BB%8CA-S%C4%A8-QU%E1%BB%90C-T%E1%BA%BE,,,,
“DẤU XƯA VĂN MIẾU – QUỐC TỬ GIÁM QUA NÉT CỌ CỦA CÁC HỌA SĨ PHÁP”,"Tiền Đường, khu Thái Học, Văn Miếu - Quốc Tử Giám",18/07/26,09:00,09:00,cultural_event,,https://vanmieu.gov.vn/vi/events/event-calendar/ended-events/%E2%80%9CD%E1%BA%A4U-X%C6%AFA-V%C4%82N-MI%E1%BA%BEU-%E2%80%93-QU%E1%BB%90C-T%E1%BB%AC-GI%C3%81M-QUA-N%C3%89T-C%E1%BB%8C-C%E1%BB%A6A-C%C3%81C-H%E1%BB%8CA-S%C4%A8-PH%C3%81P%E2%80%9D,,21.036900,105.835100,88415cb4adfffff
KHAI MẠC TRIỂN LÃM “NGÀN NĂM DI SẢN” TẠI VĂN MIẾU - QUỐC TỬ GIÁM,"Nhà Tiền Đường, khu Thái Học, di tích Văn Miếu – Quốc Tử Giám",18/08/26,16:00,17:00,cultural_event,,https://vanmieu.gov.vn/vi/events/event-calendar/ended-events/KHAI-M%E1%BA%A0C-TRI%E1%BB%82N-L%C3%83M-%E2%80%9CNG%C3%80N-N%C4%82M-DI-S%E1%BA%A2N%E2%80%9D-T%E1%BA%A0I-V%C4%82N-MI%E1%BA%BEU-QU%E1%BB%90C-T%E1%BB%AC-GI%C3%81M,,21.036900,105.835100,88415cb4adfffff
KHAI MẠC CHƯƠNG TRÌNH “NÉT CHỮ AN NHIÊN” - NGHỆ THUẬT THƯ PHÁP TRỞ THÀNH MỘT TRẢI NGHIỆM VĂN HÓA TRONG KHÔNG GIAN DI SẢN,Văn Miếu - Quốc Tử Giám,18/09/26,09:00,09:00,cultural_event,,https://vanmieu.gov.vn/vi/events/event-calendar/ended-events/KHAI-M%E1%BA%A0C-CH%C6%AF%C6%A0NG-TR%C3%8CNH-%E2%80%9CN%C3%89T-CH%E1%BB%AE-AN-NHI%C3%8AN%E2%80%9D-NGH%E1%BB%86-THU%E1%BA%ACT-TH%C6%AF-PH%C3%81P-TR%E1%BB%9E-TH%C3%80NH-M%E1%BB%98T-TR%E1%BA%A2I-NGHI%E1%BB%86M-V%C4%82N-H%C3%93A-TRONG-KH%C3%94NG-GIAN-DI-S%E1%BA%A2N,,21.036900,105.835100,88415cb4adfffff
KHAI MẠC TRƯNG BÀY “NÉT HÀ THÀNH - CÂU CHUYỆN HÀ NỘI QUA TÀ ÁO DÀI”,,18/09/26,09:00,17:00,cultural_event,,https://vanmieu.gov.vn/vi/events/event-calendar/ended-events/KHAI-M%E1%BA%A0C-TR%C6%AFNG-B%C3%80Y-%E2%80%9CN%C3%89T-H%C3%80-TH%C3%80NH-C%C3%82U-CHUY%E1%BB%86N-H%C3%80-N%E1%BB%98I-QUA-T%C3%80-%C3%81O-D%C3%80I%E2%80%9D,,,,
KHAI MẠC TRƯNG BÀY “NÉT KINH KỲ”,"Khu vực Hậu viên nhà Thái Học, Di tích Quốc gia đặc biệt Văn Miếu – Quốc Tử Giám",18/09/26,09:00,09:00,cultural_event,,https://vanmieu.gov.vn/vi/events/event-calendar/ended-events/THE-%22N%C3%89T-KINH-K%E1%BB%B2%22-EXHIBITION,,21.036900,105.835100,88415cb4adfffff
PHÁT ĐỘNG CUỘC THI “950 NÉT CHỮ”,Văn Miếu – Quốc Tử Giám,18/09/26,09:00,09:00,cultural_event,,https://vanmieu.gov.vn/vi/events/event-calendar/ongoing-events/PH%C3%81T-%C4%90%E1%BB%98NG-CU%E1%BB%98C-THI-%E2%80%9C950-N%C3%89T-CH%E1%BB%AE%E2%80%9D,,21.036900,105.835100,88415cb4adfffff
[FESTIVAL THĂNG LONG - HÀ NỘI 2026] TRƯNG BÀY “NHẤT TRỐNG”,"Hậu viên, Văn Miếu - Quốc Tử Giám",18/09/26,09:00,17:00,cultural_event,,https://vanmieu.gov.vn/vi/events/event-calendar/ended-events/%5BS%E1%BA%AEP-DI%E1%BB%84N-RA-FESTIVAL-TH%C4%82NG-LONG-H%C3%80-N%E1%BB%98I-2026%5D-%E2%80%9CNH%E1%BA%A4T-TR%E1%BB%90NG%E2%80%9D,,21.036900,105.835100,88415cb4adfffff
[FESTIVAL THĂNG LONG - HÀ NỘI 2026] TRƯNG BÀY “NÉT CHỮ AN NHIÊN”,"Vườn Giám, Văn Miếu – Quốc Tử Giám",18/09/26,09:00,17:00,cultural_event,,https://vanmieu.gov.vn/vi/events/event-calendar/ended-events/%5BS%E1%BA%AEP-DI%E1%BB%84N-RA-FESTIVAL-TH%C4%82NG-LONG-H%C3%80-N%E1%BB%98I-2026%5D-%E2%80%9CN%C3%89T-CH%E1%BB%AE-AN-NHI%C3%8AN%E2%80%9D,,21.036900,105.835100,88415cb4adfffff
[FESTIVAL THĂNG LONG - HÀ NỘI 2026] TRƯNG BÀY “NÉT HÀ THÀNH”,"Không gian Hồ Văn, Di tích Văn Miếu – Quốc Tử Giám",18/09/26,09:00,17:00,cultural_event,,https://vanmieu.gov.vn/vi/events/event-calendar/ended-events/(S%E1%BA%AEP-DI%E1%BB%84N-RA)-TR%C6%AFNG-B%C3%80Y-%E2%80%9CN%C3%89T-H%C3%80-TH%C3%80NH%E2%80%9D,,21.036900,105.835100,88415cb4adfffff
[FESTIVAL THĂNG LONG - HÀ NỘI 2026] TRƯNG BÀY “NÉT KINH KỲ - HÀ NỘI 36 PHỐ PHƯỜNG”,"Hậu viên khu Thái Học, Văn Miếu – Quốc Tử Giám",18/09/26,09:00,17:00,cultural_event,,https://vanmieu.gov.vn/vi/events/event-calendar/ended-events/Exhibition%20%E2%80%9CN%C3%A9t%20Kinh%20K%E1%BB%B3%20%E2%80%93%20Hanoi%E2%80%99s%2036%20Streets%E2%80%9D,,21.036900,105.835100,88415cb4adfffff
KHAI MẠC TRIỂN LÃM “NGÀN NĂM DI SẢN” TẠI VĂN MIẾU - QUỐC TỬ GIÁM,"Nhà Tiền Đường, khu Thái Học, di tích Văn Miếu – Quốc Tử Giám",18/09/26,16:00,17:00,cultural_event,,https://vanmieu.gov.vn/vi/events/event-calendar/ended-events/KHAI-M%E1%BA%A0C-TRI%E1%BB%82N-L%C3%83M-%E2%80%9CNG%C3%80N-N%C4%82M-DI-S%E1%BA%A2N%E2%80%9D-T%E1%BA%A0I-V%C4%82N-MI%E1%BA%BEU-QU%E1%BB%90C-T%E1%BB%AC-GI%C3%81M,,21.036900,105.835100,88415cb4adfffff
RA MẮT “VUN ĐẮP HIỀN TÀI” – BỘ PHIM 3D MAPPING THỨ BA TẠI VĂN MIẾU – QUỐC TỬ GIÁM,Di tích Văn Miếu – Quốc Tử Giám,18/09/26,19:00,21:30,cultural_event,,https://vanmieu.gov.vn/vi/events/event-calendar/ended-events/RA-M%E1%BA%AET-%E2%80%9CVUN-%C4%90%E1%BA%AEP-HI%E1%BB%80N-T%C3%80I%E2%80%9D-%E2%80%93-B%E1%BB%98-PHIM-3D-MAPPING-TH%E1%BB%A8-BA-T%E1%BA%A0I-V%C4%82N-MI%E1%BA%BEU-%E2%80%93-QU%E1%BB%90C-T%E1%BB%AC-GI%C3%81M,,21.036900,105.835100,88415cb4adfffff
"""Những chiếc cổng"" - Cuộc đối thoại giữa quá khứ và hiện tại",Văn Miếu - Quốc Tử Giám,19/07/26,09:00,09:00,cultural_event,,https://vanmieu.gov.vn/vi/events/event-calendar/ended-events/%22Nh%E1%BB%AFng-chi%E1%BA%BFc-c%E1%BB%95ng%22-Cu%E1%BB%99c-%C4%91%E1%BB%91i-tho%E1%BA%A1i-gi%E1%BB%AFa-qu%C3%A1-kh%E1%BB%A9-v%C3%A0-hi%E1%BB%87n-t%E1%BA%A1i,,21.036900,105.835100,88415cb4adfffff
KHAI MẠC TRIỂN LÃM “QUỐC TỬ GIÁM TRONG NGHỆ THUẬT” TẠI VĂN MIẾU - QUỐC TỬ GIÁM,Văn Miếu - Quốc Tử Giám,19/07/26,09:00,17:00,cultural_event,,https://vanmieu.gov.vn/vi/events/event-calendar/ended-events/KHAI-M%E1%BA%A0C-TRI%E1%BB%82N-L%C3%83M-%E2%80%9CQU%E1%BB%90C-T%E1%BB%AC-GI%C3%81M-TRONG-NGH%E1%BB%86-THU%E1%BA%ACT%E2%80%9D-T%E1%BA%A0I-V%C4%82N-MI%E1%BA%BEU-QU%E1%BB%90C-T%E1%BB%AC-GI%C3%81M,,21.036900,105.835100,88415cb4adfffff
VĂN MIẾU - QUỐC TỬ GIÁM NHỮNG NĂM 1975 QUA NÉT CỌ CỦA HỌA SĨ TRỊNH HỮU NGỌC,Văn Miếu - Quốc Tử Giám,19/07/26,09:00,17:00,cultural_event,,https://vanmieu.gov.vn/vi/events/event-calendar/ended-events/V%C4%82N-MI%E1%BA%BEU-QU%E1%BB%90C-T%E1%BB%AC-GI%C3%81M-NH%E1%BB%AENG-N%C4%82M-1975-QUA-N%C3%89T-C%E1%BB%8C-C%E1%BB%A6A-H%E1%BB%8CA-S%C4%A8-TR%E1%BB%8ANH-H%E1%BB%AEU-NG%E1%BB%8CC,,21.036900,105.835100,88415cb4adfffff
VĂN MIẾU – QUỐC TỬ GIÁM QUA NÉT VẼ CỦA HAI  HỌA SĨ QUỐC TẾ,,19/07/26,09:00,17:00,cultural_event,,https://vanmieu.gov.vn/vi/events/event-calendar/ended-events/V%C4%82N-MI%E1%BA%BEU-%E2%80%93-QU%E1%BB%90C-T%E1%BB%AC-GI%C3%81M-QUA-N%C3%89T-V%E1%BA%BC-C%E1%BB%A6A-HAI-H%E1%BB%8CA-S%C4%A8-QU%E1%BB%90C-T%E1%BA%BE,,,,
“DẤU XƯA VĂN MIẾU – QUỐC TỬ GIÁM QUA NÉT CỌ CỦA CÁC HỌA SĨ PHÁP”,"Tiền Đường, khu Thái Học, Văn Miếu - Quốc Tử Giám",19/07/26,09:00,09:00,cultural_event,,https://vanmieu.gov.vn/vi/events/event-calendar/ended-events/%E2%80%9CD%E1%BA%A4U-X%C6%AFA-V%C4%82N-MI%E1%BA%BEU-%E2%80%93-QU%E1%BB%90C-T%E1%BB%AC-GI%C3%81M-QUA-N%C3%89T-C%E1%BB%8C-C%E1%BB%A6A-C%C3%81C-H%E1%BB%8CA-S%C4%A8-PH%C3%81P%E2%80%9D,,21.036900,105.835100,88415cb4adfffff
Lễ hội 'Tự hào đặc sản Việt',"hệ thống GO!, Tops Market và Mini Go! trên toàn quốc, khai mạc tại Đại siêu thị GO! Thăng Long, Hà Nội",19/08/26,00:00,23:59,festival,,https://lehoivietnam.com.vn/vi/su-kien/6471-e6471-le-hoi-tu-hao-dac-san-viet-proud-of-vietnamese-specialities-festival,,21.013600,105.798900,88415cb491fffff
KHAI MẠC TRIỂN LÃM “NGÀN NĂM DI SẢN” TẠI VĂN MIẾU - QUỐC TỬ GIÁM,"Nhà Tiền Đường, khu Thái Học, di tích Văn Miếu – Quốc Tử Giám",19/08/26,16:00,17:00,cultural_event,,https://vanmieu.gov.vn/vi/events/event-calendar/ended-events/KHAI-M%E1%BA%A0C-TRI%E1%BB%82N-L%C3%83M-%E2%80%9CNG%C3%80N-N%C4%82M-DI-S%E1%BA%A2N%E2%80%9D-T%E1%BA%A0I-V%C4%82N-MI%E1%BA%BEU-QU%E1%BB%90C-T%E1%BB%AC-GI%C3%81M,,21.036900,105.835100,88415cb4adfffff
Việt Nam vs Malaysia,"SVĐQG Mỹ Đình, Hà Nội",19/08/26,20:00,22:00,football,37906,https://vff.org.vn/thong-bao-ke-hoach-ban-ve-truc-tiep-tran-ban-ket-luot-ve-giua-dt-viet-nam-vs-dt-malaysia-asean-hyundai-cup-2026/,https://vov.vn/the-thao/san-my-dinh-lap-ky-luc-ve-so-luong-khan-gia-o-asean-cup-2026-post1325665.vov,21.063600,105.763900,88415ca61bfffff
KHAI MẠC CHƯƠNG TRÌNH “NÉT CHỮ AN NHIÊN” - NGHỆ THUẬT THƯ PHÁP TRỞ THÀNH MỘT TRẢI NGHIỆM VĂN HÓA TRONG KHÔNG GIAN DI SẢN,Văn Miếu - Quốc Tử Giám,19/09/26,09:00,09:00,cultural_event,,https://vanmieu.gov.vn/vi/events/event-calendar/ended-events/KHAI-M%E1%BA%A0C-CH%C6%AF%C6%A0NG-TR%C3%8CNH-%E2%80%9CN%C3%89T-CH%E1%BB%AE-AN-NHI%C3%8AN%E2%80%9D-NGH%E1%BB%86-THU%E1%BA%ACT-TH%C6%AF-PH%C3%81P-TR%E1%BB%9E-TH%C3%80NH-M%E1%BB%98T-TR%E1%BA%A2I-NGHI%E1%BB%86M-V%C4%82N-H%C3%93A-TRONG-KH%C3%94NG-GIAN-DI-S%E1%BA%A2N,,21.036900,105.835100,88415cb4adfffff
KHAI MẠC TRƯNG BÀY “NÉT HÀ THÀNH - CÂU CHUYỆN HÀ NỘI QUA TÀ ÁO DÀI”,,19/09/26,09:00,17:00,cultural_event,,https://vanmieu.gov.vn/vi/events/event-calendar/ended-events/KHAI-M%E1%BA%A0C-TR%C6%AFNG-B%C3%80Y-%E2%80%9CN%C3%89T-H%C3%80-TH%C3%80NH-C%C3%82U-CHUY%E1%BB%86N-H%C3%80-N%E1%BB%98I-QUA-T%C3%80-%C3%81O-D%C3%80I%E2%80%9D,,,,
KHAI MẠC TRƯNG BÀY “NÉT KINH KỲ”,"Khu vực Hậu viên nhà Thái Học, Di tích Quốc gia đặc biệt Văn Miếu – Quốc Tử Giám",19/09/26,09:00,09:00,cultural_event,,https://vanmieu.gov.vn/vi/events/event-calendar/ended-events/THE-%22N%C3%89T-KINH-K%E1%BB%B2%22-EXHIBITION,,21.036900,105.835100,88415cb4adfffff
PHÁT ĐỘNG CUỘC THI “950 NÉT CHỮ”,Văn Miếu – Quốc Tử Giám,19/09/26,09:00,09:00,cultural_event,,https://vanmieu.gov.vn/vi/events/event-calendar/ongoing-events/PH%C3%81T-%C4%90%E1%BB%98NG-CU%E1%BB%98C-THI-%E2%80%9C950-N%C3%89T-CH%E1%BB%AE%E2%80%9D,,21.036900,105.835100,88415cb4adfffff
[FESTIVAL THĂNG LONG - HÀ NỘI 2026] TRƯNG BÀY “NHẤT TRỐNG”,"Hậu viên, Văn Miếu - Quốc Tử Giám",19/09/26,09:00,17:00,cultural_event,,https://vanmieu.gov.vn/vi/events/event-calendar/ended-events/%5BS%E1%BA%AEP-DI%E1%BB%84N-RA-FESTIVAL-TH%C4%82NG-LONG-H%C3%80-N%E1%BB%98I-2026%5D-%E2%80%9CNH%E1%BA%A4T-TR%E1%BB%90NG%E2%80%9D,,21.036900,105.835100,88415cb4adfffff
[FESTIVAL THĂNG LONG - HÀ NỘI 2026] TRƯNG BÀY “NÉT CHỮ AN NHIÊN”,"Vườn Giám, Văn Miếu – Quốc Tử Giám",19/09/26,09:00,17:00,cultural_event,,https://vanmieu.gov.vn/vi/events/event-calendar/ended-events/%5BS%E1%BA%AEP-DI%E1%BB%84N-RA-FESTIVAL-TH%C4%82NG-LONG-H%C3%80-N%E1%BB%98I-2026%5D-%E2%80%9CN%C3%89T-CH%E1%BB%AE-AN-NHI%C3%8AN%E2%80%9D,,21.036900,105.835100,88415cb4adfffff
[FESTIVAL THĂNG LONG - HÀ NỘI 2026] TRƯNG BÀY “NÉT HÀ THÀNH”,"Không gian Hồ Văn, Di tích Văn Miếu – Quốc Tử Giám",19/09/26,09:00,17:00,cultural_event,,https://vanmieu.gov.vn/vi/events/event-calendar/ended-events/(S%E1%BA%AEP-DI%E1%BB%84N-RA)-TR%C6%AFNG-B%C3%80Y-%E2%80%9CN%C3%89T-H%C3%80-TH%C3%80NH%E2%80%9D,,21.036900,105.835100,88415cb4adfffff
[FESTIVAL THĂNG LONG - HÀ NỘI 2026] TRƯNG BÀY “NÉT KINH KỲ - HÀ NỘI 36 PHỐ PHƯỜNG”,"Hậu viên khu Thái Học, Văn Miếu – Quốc Tử Giám",19/09/26,09:00,17:00,cultural_event,,https://vanmieu.gov.vn/vi/events/event-calendar/ended-events/Exhibition%20%E2%80%9CN%C3%A9t%20Kinh%20K%E1%BB%B3%20%E2%80%93%20Hanoi%E2%80%99s%2036%20Streets%E2%80%9D,,21.036900,105.835100,88415cb4adfffff
KHAI MẠC TRIỂN LÃM “NGÀN NĂM DI SẢN” TẠI VĂN MIẾU - QUỐC TỬ GIÁM,"Nhà Tiền Đường, khu Thái Học, di tích Văn Miếu – Quốc Tử Giám",19/09/26,16:00,17:00,cultural_event,,https://vanmieu.gov.vn/vi/events/event-calendar/ended-events/KHAI-M%E1%BA%A0C-TRI%E1%BB%82N-L%C3%83M-%E2%80%9CNG%C3%80N-N%C4%82M-DI-S%E1%BA%A2N%E2%80%9D-T%E1%BA%A0I-V%C4%82N-MI%E1%BA%BEU-QU%E1%BB%90C-T%E1%BB%AC-GI%C3%81M,,21.036900,105.835100,88415cb4adfffff
BỐC FEST,Nhà máy xe lửa Gia Lâm (Hà Nội),19/09/26,17:00,23:00,festival,5000,https://ticketbox.vn/boc-fest-26344,https://vov.vn/van-hoa/am-nhac/hang-ngan-khan-gia-chay-cung-boc-fest-2026-tai-nha-may-xe-lua-gia-lam-post1334249.vov,21.051452,105.882065,88415cb5c5fffff
[L'AMOUR NIGHTS] ONE STAGE - Thái Lê Minh Hiếu - Hồ Đông Quan - SWAN - lighT,Trung Tâm Nghệ Thuật Âu Cơ,19/09/26,20:00,22:00,concert,,https://ticketbox.vn/lamour-one-stage-26328,,21.018457,105.812288,88415cb483fffff
"""Những chiếc cổng"" - Cuộc đối thoại giữa quá khứ và hiện tại",Văn Miếu - Quốc Tử Giám,20/07/26,09:00,09:00,cultural_event,,https://vanmieu.gov.vn/vi/events/event-calendar/ended-events/%22Nh%E1%BB%AFng-chi%E1%BA%BFc-c%E1%BB%95ng%22-Cu%E1%BB%99c-%C4%91%E1%BB%91i-tho%E1%BA%A1i-gi%E1%BB%AFa-qu%C3%A1-kh%E1%BB%A9-v%C3%A0-hi%E1%BB%87n-t%E1%BA%A1i,,21.036900,105.835100,88415cb4adfffff
KHAI MẠC TRIỂN LÃM “QUỐC TỬ GIÁM TRONG NGHỆ THUẬT” TẠI VĂN MIẾU - QUỐC TỬ GIÁM,Văn Miếu - Quốc Tử Giám,20/07/26,09:00,17:00,cultural_event,,https://vanmieu.gov.vn/vi/events/event-calendar/ended-events/KHAI-M%E1%BA%A0C-TRI%E1%BB%82N-L%C3%83M-%E2%80%9CQU%E1%BB%90C-T%E1%BB%AC-GI%C3%81M-TRONG-NGH%E1%BB%86-THU%E1%BA%ACT%E2%80%9D-T%E1%BA%A0I-V%C4%82N-MI%E1%BA%BEU-QU%E1%BB%90C-T%E1%BB%AC-GI%C3%81M,,21.036900,105.835100,88415cb4adfffff
VĂN MIẾU - QUỐC TỬ GIÁM NHỮNG NĂM 1975 QUA NÉT CỌ CỦA HỌA SĨ TRỊNH HỮU NGỌC,Văn Miếu - Quốc Tử Giám,20/07/26,09:00,17:00,cultural_event,,https://vanmieu.gov.vn/vi/events/event-calendar/ended-events/V%C4%82N-MI%E1%BA%BEU-QU%E1%BB%90C-T%E1%BB%AC-GI%C3%81M-NH%E1%BB%AENG-N%C4%82M-1975-QUA-N%C3%89T-C%E1%BB%8C-C%E1%BB%A6A-H%E1%BB%8CA-S%C4%A8-TR%E1%BB%8ANH-H%E1%BB%AEU-NG%E1%BB%8CC,,21.036900,105.835100,88415cb4adfffff
VĂN MIẾU – QUỐC TỬ GIÁM QUA NÉT VẼ CỦA HAI  HỌA SĨ QUỐC TẾ,,20/07/26,09:00,17:00,cultural_event,,https://vanmieu.gov.vn/vi/events/event-calendar/ended-events/V%C4%82N-MI%E1%BA%BEU-%E2%80%93-QU%E1%BB%90C-T%E1%BB%AC-GI%C3%81M-QUA-N%C3%89T-V%E1%BA%BC-C%E1%BB%A6A-HAI-H%E1%BB%8CA-S%C4%A8-QU%E1%BB%90C-T%E1%BA%BE,,,,
“DẤU XƯA VĂN MIẾU – QUỐC TỬ GIÁM QUA NÉT CỌ CỦA CÁC HỌA SĨ PHÁP”,"Tiền Đường, khu Thái Học, Văn Miếu - Quốc Tử Giám",20/07/26,09:00,09:00,cultural_event,,https://vanmieu.gov.vn/vi/events/event-calendar/ended-events/%E2%80%9CD%E1%BA%A4U-X%C6%AFA-V%C4%82N-MI%E1%BA%BEU-%E2%80%93-QU%E1%BB%90C-T%E1%BB%AC-GI%C3%81M-QUA-N%C3%89T-C%E1%BB%8C-C%E1%BB%A6A-C%C3%81C-H%E1%BB%8CA-S%C4%A8-PH%C3%81P%E2%80%9D,,21.036900,105.835100,88415cb4adfffff
Lễ hội 'Tự hào đặc sản Việt',"hệ thống GO!, Tops Market và Mini Go! trên toàn quốc, khai mạc tại Đại siêu thị GO! Thăng Long, Hà Nội",20/08/26,00:00,23:59,festival,,https://lehoivietnam.com.vn/vi/su-kien/6471-e6471-le-hoi-tu-hao-dac-san-viet-proud-of-vietnamese-specialities-festival,,21.013600,105.798900,88415cb491fffff
KHAI MẠC TRIỂN LÃM “NGÀN NĂM DI SẢN” TẠI VĂN MIẾU - QUỐC TỬ GIÁM,"Nhà Tiền Đường, khu Thái Học, di tích Văn Miếu – Quốc Tử Giám",20/08/26,16:00,17:00,cultural_event,,https://vanmieu.gov.vn/vi/events/event-calendar/ended-events/KHAI-M%E1%BA%A0C-TRI%E1%BB%82N-L%C3%83M-%E2%80%9CNG%C3%80N-N%C4%82M-DI-S%E1%BA%A2N%E2%80%9D-T%E1%BA%A0I-V%C4%82N-MI%E1%BA%BEU-QU%E1%BB%90C-T%E1%BB%AC-GI%C3%81M,,21.036900,105.835100,88415cb4adfffff
KHAI MẠC CHƯƠNG TRÌNH “NÉT CHỮ AN NHIÊN” - NGHỆ THUẬT THƯ PHÁP TRỞ THÀNH MỘT TRẢI NGHIỆM VĂN HÓA TRONG KHÔNG GIAN DI SẢN,Văn Miếu - Quốc Tử Giám,20/09/26,09:00,09:00,cultural_event,,https://vanmieu.gov.vn/vi/events/event-calendar/ended-events/KHAI-M%E1%BA%A0C-CH%C6%AF%C6%A0NG-TR%C3%8CNH-%E2%80%9CN%C3%89T-CH%E1%BB%AE-AN-NHI%C3%8AN%E2%80%9D-NGH%E1%BB%86-THU%E1%BA%ACT-TH%C6%AF-PH%C3%81P-TR%E1%BB%9E-TH%C3%80NH-M%E1%BB%98T-TR%E1%BA%A2I-NGHI%E1%BB%86M-V%C4%82N-H%C3%93A-TRONG-KH%C3%94NG-GIAN-DI-S%E1%BA%A2N,,21.036900,105.835100,88415cb4adfffff
KHAI MẠC TRƯNG BÀY “NÉT HÀ THÀNH - CÂU CHUYỆN HÀ NỘI QUA TÀ ÁO DÀI”,,20/09/26,09:00,17:00,cultural_event,,https://vanmieu.gov.vn/vi/events/event-calendar/ended-events/KHAI-M%E1%BA%A0C-TR%C6%AFNG-B%C3%80Y-%E2%80%9CN%C3%89T-H%C3%80-TH%C3%80NH-C%C3%82U-CHUY%E1%BB%86N-H%C3%80-N%E1%BB%98I-QUA-T%C3%80-%C3%81O-D%C3%80I%E2%80%9D,,,,
PHÁT ĐỘNG CUỘC THI “950 NÉT CHỮ”,Văn Miếu – Quốc Tử Giám,20/09/26,09:00,09:00,cultural_event,,https://vanmieu.gov.vn/vi/events/event-calendar/ongoing-events/PH%C3%81T-%C4%90%E1%BB%98NG-CU%E1%BB%98C-THI-%E2%80%9C950-N%C3%89T-CH%E1%BB%AE%E2%80%9D,,21.036900,105.835100,88415cb4adfffff
KHAI MẠC TRIỂN LÃM “NGÀN NĂM DI SẢN” TẠI VĂN MIẾU - QUỐC TỬ GIÁM,"Nhà Tiền Đường, khu Thái Học, di tích Văn Miếu – Quốc Tử Giám",20/09/26,16:00,17:00,cultural_event,,https://vanmieu.gov.vn/vi/events/event-calendar/ended-events/KHAI-M%E1%BA%A0C-TRI%E1%BB%82N-L%C3%83M-%E2%80%9CNG%C3%80N-N%C4%82M-DI-S%E1%BA%A2N%E2%80%9D-T%E1%BA%A0I-V%C4%82N-MI%E1%BA%BEU-QU%E1%BB%90C-T%E1%BB%AC-GI%C3%81M,,21.036900,105.835100,88415cb4adfffff
Hà Nội vs SHB Đà Nẵng,SVĐ Hàng Đẫy,20/09/26,19:15,21:15,football,,https://vpf.vn/match/ha-noi-vs-shb-da-nang-8/,,21.045100,105.784100,88415ca65bfffff
"""Những chiếc cổng"" - Cuộc đối thoại giữa quá khứ và hiện tại",Văn Miếu - Quốc Tử Giám,21/07/26,09:00,09:00,cultural_event,,https://vanmieu.gov.vn/vi/events/event-calendar/ended-events/%22Nh%E1%BB%AFng-chi%E1%BA%BFc-c%E1%BB%95ng%22-Cu%E1%BB%99c-%C4%91%E1%BB%91i-tho%E1%BA%A1i-gi%E1%BB%AFa-qu%C3%A1-kh%E1%BB%A9-v%C3%A0-hi%E1%BB%87n-t%E1%BA%A1i,,21.036900,105.835100,88415cb4adfffff
KHAI MẠC TRIỂN LÃM “QUỐC TỬ GIÁM TRONG NGHỆ THUẬT” TẠI VĂN MIẾU - QUỐC TỬ GIÁM,Văn Miếu - Quốc Tử Giám,21/07/26,09:00,17:00,cultural_event,,https://vanmieu.gov.vn/vi/events/event-calendar/ended-events/KHAI-M%E1%BA%A0C-TRI%E1%BB%82N-L%C3%83M-%E2%80%9CQU%E1%BB%90C-T%E1%BB%AC-GI%C3%81M-TRONG-NGH%E1%BB%86-THU%E1%BA%ACT%E2%80%9D-T%E1%BA%A0I-V%C4%82N-MI%E1%BA%BEU-QU%E1%BB%90C-T%E1%BB%AC-GI%C3%81M,,21.036900,105.835100,88415cb4adfffff
VĂN MIẾU - QUỐC TỬ GIÁM NHỮNG NĂM 1975 QUA NÉT CỌ CỦA HỌA SĨ TRỊNH HỮU NGỌC,Văn Miếu - Quốc Tử Giám,21/07/26,09:00,17:00,cultural_event,,https://vanmieu.gov.vn/vi/events/event-calendar/ended-events/V%C4%82N-MI%E1%BA%BEU-QU%E1%BB%90C-T%E1%BB%AC-GI%C3%81M-NH%E1%BB%AENG-N%C4%82M-1975-QUA-N%C3%89T-C%E1%BB%8C-C%E1%BB%A6A-H%E1%BB%8CA-S%C4%A8-TR%E1%BB%8ANH-H%E1%BB%AEU-NG%E1%BB%8CC,,21.036900,105.835100,88415cb4adfffff
VĂN MIẾU – QUỐC TỬ GIÁM QUA NÉT VẼ CỦA HAI  HỌA SĨ QUỐC TẾ,,21/07/26,09:00,17:00,cultural_event,,https://vanmieu.gov.vn/vi/events/event-calendar/ended-events/V%C4%82N-MI%E1%BA%BEU-%E2%80%93-QU%E1%BB%90C-T%E1%BB%AC-GI%C3%81M-QUA-N%C3%89T-V%E1%BA%BC-C%E1%BB%A6A-HAI-H%E1%BB%8CA-S%C4%A8-QU%E1%BB%90C-T%E1%BA%BE,,,,
“DẤU XƯA VĂN MIẾU – QUỐC TỬ GIÁM QUA NÉT CỌ CỦA CÁC HỌA SĨ PHÁP”,"Tiền Đường, khu Thái Học, Văn Miếu - Quốc Tử Giám",21/07/26,09:00,09:00,cultural_event,,https://vanmieu.gov.vn/vi/events/event-calendar/ended-events/%E2%80%9CD%E1%BA%A4U-X%C6%AFA-V%C4%82N-MI%E1%BA%BEU-%E2%80%93-QU%E1%BB%90C-T%E1%BB%AC-GI%C3%81M-QUA-N%C3%89T-C%E1%BB%8C-C%E1%BB%A6A-C%C3%81C-H%E1%BB%8CA-S%C4%A8-PH%C3%81P%E2%80%9D,,21.036900,105.835100,88415cb4adfffff
Lễ hội 'Tự hào đặc sản Việt',"hệ thống GO!, Tops Market và Mini Go! trên toàn quốc, khai mạc tại Đại siêu thị GO! Thăng Long, Hà Nội",21/08/26,00:00,23:59,festival,,https://lehoivietnam.com.vn/vi/su-kien/6471-e6471-le-hoi-tu-hao-dac-san-viet-proud-of-vietnamese-specialities-festival,,21.013600,105.798900,88415cb491fffff
KHAI MẠC TRIỂN LÃM “NGÀN NĂM DI SẢN” TẠI VĂN MIẾU - QUỐC TỬ GIÁM,"Nhà Tiền Đường, khu Thái Học, di tích Văn Miếu – Quốc Tử Giám",21/08/26,16:00,17:00,cultural_event,,https://vanmieu.gov.vn/vi/events/event-calendar/ended-events/KHAI-M%E1%BA%A0C-TRI%E1%BB%82N-L%C3%83M-%E2%80%9CNG%C3%80N-N%C4%82M-DI-S%E1%BA%A2N%E2%80%9D-T%E1%BA%A0I-V%C4%82N-MI%E1%BA%BEU-QU%E1%BB%90C-T%E1%BB%AC-GI%C3%81M,,21.036900,105.835100,88415cb4adfffff
PHÁT ĐỘNG CUỘC THI “950 NÉT CHỮ”,Văn Miếu – Quốc Tử Giám,21/09/26,09:00,09:00,cultural_event,,https://vanmieu.gov.vn/vi/events/event-calendar/ongoing-events/PH%C3%81T-%C4%90%E1%BB%98NG-CU%E1%BB%98C-THI-%E2%80%9C950-N%C3%89T-CH%E1%BB%AE%E2%80%9D,,21.036900,105.835100,88415cb4adfffff
KHAI MẠC TRIỂN LÃM “NGÀN NĂM DI SẢN” TẠI VĂN MIẾU - QUỐC TỬ GIÁM,"Nhà Tiền Đường, khu Thái Học, di tích Văn Miếu – Quốc Tử Giám",21/09/26,16:00,17:00,cultural_event,,https://vanmieu.gov.vn/vi/events/event-calendar/ended-events/KHAI-M%E1%BA%A0C-TRI%E1%BB%82N-L%C3%83M-%E2%80%9CNG%C3%80N-N%C4%82M-DI-S%E1%BA%A2N%E2%80%9D-T%E1%BA%A0I-V%C4%82N-MI%E1%BA%BEU-QU%E1%BB%90C-T%E1%BB%AC-GI%C3%81M,,21.036900,105.835100,88415cb4adfffff
"""Những chiếc cổng"" - Cuộc đối thoại giữa quá khứ và hiện tại",Văn Miếu - Quốc Tử Giám,22/07/26,09:00,09:00,cultural_event,,https://vanmieu.gov.vn/vi/events/event-calendar/ended-events/%22Nh%E1%BB%AFng-chi%E1%BA%BFc-c%E1%BB%95ng%22-Cu%E1%BB%99c-%C4%91%E1%BB%91i-tho%E1%BA%A1i-gi%E1%BB%AFa-qu%C3%A1-kh%E1%BB%A9-v%C3%A0-hi%E1%BB%87n-t%E1%BA%A1i,,21.036900,105.835100,88415cb4adfffff
KHAI MẠC TRIỂN LÃM “QUỐC TỬ GIÁM TRONG NGHỆ THUẬT” TẠI VĂN MIẾU - QUỐC TỬ GIÁM,Văn Miếu - Quốc Tử Giám,22/07/26,09:00,17:00,cultural_event,,https://vanmieu.gov.vn/vi/events/event-calendar/ended-events/KHAI-M%E1%BA%A0C-TRI%E1%BB%82N-L%C3%83M-%E2%80%9CQU%E1%BB%90C-T%E1%BB%AC-GI%C3%81M-TRONG-NGH%E1%BB%86-THU%E1%BA%ACT%E2%80%9D-T%E1%BA%A0I-V%C4%82N-MI%E1%BA%BEU-QU%E1%BB%90C-T%E1%BB%AC-GI%C3%81M,,21.036900,105.835100,88415cb4adfffff
VĂN MIẾU - QUỐC TỬ GIÁM NHỮNG NĂM 1975 QUA NÉT CỌ CỦA HỌA SĨ TRỊNH HỮU NGỌC,Văn Miếu - Quốc Tử Giám,22/07/26,09:00,17:00,cultural_event,,https://vanmieu.gov.vn/vi/events/event-calendar/ended-events/V%C4%82N-MI%E1%BA%BEU-QU%E1%BB%90C-T%E1%BB%AC-GI%C3%81M-NH%E1%BB%AENG-N%C4%82M-1975-QUA-N%C3%89T-C%E1%BB%8C-C%E1%BB%A6A-H%E1%BB%8CA-S%C4%A8-TR%E1%BB%8ANH-H%E1%BB%AEU-NG%E1%BB%8CC,,21.036900,105.835100,88415cb4adfffff
VĂN MIẾU – QUỐC TỬ GIÁM QUA NÉT VẼ CỦA HAI  HỌA SĨ QUỐC TẾ,,22/07/26,09:00,17:00,cultural_event,,https://vanmieu.gov.vn/vi/events/event-calendar/ended-events/V%C4%82N-MI%E1%BA%BEU-%E2%80%93-QU%E1%BB%90C-T%E1%BB%AC-GI%C3%81M-QUA-N%C3%89T-V%E1%BA%BC-C%E1%BB%A6A-HAI-H%E1%BB%8CA-S%C4%A8-QU%E1%BB%90C-T%E1%BA%BE,,,,
“DẤU XƯA VĂN MIẾU – QUỐC TỬ GIÁM QUA NÉT CỌ CỦA CÁC HỌA SĨ PHÁP”,"Tiền Đường, khu Thái Học, Văn Miếu - Quốc Tử Giám",22/07/26,09:00,09:00,cultural_event,,https://vanmieu.gov.vn/vi/events/event-calendar/ended-events/%E2%80%9CD%E1%BA%A4U-X%C6%AFA-V%C4%82N-MI%E1%BA%BEU-%E2%80%93-QU%E1%BB%90C-T%E1%BB%AC-GI%C3%81M-QUA-N%C3%89T-C%E1%BB%8C-C%E1%BB%A6A-C%C3%81C-H%E1%BB%8CA-S%C4%A8-PH%C3%81P%E2%80%9D,,21.036900,105.835100,88415cb4adfffff
Lễ hội 'Tự hào đặc sản Việt',"hệ thống GO!, Tops Market và Mini Go! trên toàn quốc, khai mạc tại Đại siêu thị GO! Thăng Long, Hà Nội",22/08/26,00:00,23:59,festival,,https://lehoivietnam.com.vn/vi/su-kien/6471-e6471-le-hoi-tu-hao-dac-san-viet-proud-of-vietnamese-specialities-festival,,21.013600,105.798900,88415cb491fffff
Triển lãm mỹ thuật quốc gia 2026 “Nghệ thuật và giáo dục: Truyền thống- đương đại”,"tại Đại học sư phạm Hà Nội 136 Xuân Thủy, Cầu Giấy",22/08/26,00:00,23:59,exhibition,,https://lehoivietnam.com.vn/vi/su-kien/6536-e6536-trien-lam-my-thuat-quoc-gia-2026-nghe-thuat-va-giao-duc-truyen-thong-duong-dai,,21.036700,105.801800,88415cb4b1fffff
HỘI THẢO KHOA HỌC TẾ TỬU QUỐC TỬ GIÁM HÀ CÔNG TRÌNH VÀ TRUYỀN THỐNG HIẾU HỌC DÒNG HỌ HÀ TẠI HÀ TĨNH,"Tiền đường, khu Thái học, Di tích Văn Miếu -Quốc Tử Giám",22/08/26,08:00,11:00,conference_seminar,,https://vanmieu.gov.vn/vi/events/event-calendar/ended-events/H%E1%BB%98I-TH%E1%BA%A2O-KHOA-H%E1%BB%8CC-T%E1%BA%BE-T%E1%BB%ACU-QU%E1%BB%90C-T%E1%BB%AC-GI%C3%81M-H%C3%80-C%C3%94NG-TR%C3%8CNH-V%C3%80-TRUY%E1%BB%80N-TH%E1%BB%90NG-HI%E1%BA%BEU-H%E1%BB%8CC-D%C3%92NG-H%E1%BB%8C-H%C3%80-T%E1%BA%A0I-H%C3%80-T%C4%A8NH,,21.036900,105.835100,88415cb4adfffff
KHAI MẠC TRIỂN LÃM “NGÀN NĂM DI SẢN” TẠI VĂN MIẾU - QUỐC TỬ GIÁM,"Nhà Tiền Đường, khu Thái Học, di tích Văn Miếu – Quốc Tử Giám",22/08/26,16:00,17:00,cultural_event,,https://vanmieu.gov.vn/vi/events/event-calendar/ended-events/KHAI-M%E1%BA%A0C-TRI%E1%BB%82N-L%C3%83M-%E2%80%9CNG%C3%80N-N%C4%82M-DI-S%E1%BA%A2N%E2%80%9D-T%E1%BA%A0I-V%C4%82N-MI%E1%BA%BEU-QU%E1%BB%90C-T%E1%BB%AC-GI%C3%81M,,21.036900,105.835100,88415cb4adfffff
PHÁT ĐỘNG CUỘC THI “950 NÉT CHỮ”,Văn Miếu – Quốc Tử Giám,22/09/26,09:00,09:00,cultural_event,,https://vanmieu.gov.vn/vi/events/event-calendar/ongoing-events/PH%C3%81T-%C4%90%E1%BB%98NG-CU%E1%BB%98C-THI-%E2%80%9C950-N%C3%89T-CH%E1%BB%AE%E2%80%9D,,21.036900,105.835100,88415cb4adfffff
KHAI MẠC TRIỂN LÃM “NGÀN NĂM DI SẢN” TẠI VĂN MIẾU - QUỐC TỬ GIÁM,"Nhà Tiền Đường, khu Thái Học, di tích Văn Miếu – Quốc Tử Giám",22/09/26,16:00,17:00,cultural_event,,https://vanmieu.gov.vn/vi/events/event-calendar/ended-events/KHAI-M%E1%BA%A0C-TRI%E1%BB%82N-L%C3%83M-%E2%80%9CNG%C3%80N-N%C4%82M-DI-S%E1%BA%A2N%E2%80%9D-T%E1%BA%A0I-V%C4%82N-MI%E1%BA%BEU-QU%E1%BB%90C-T%E1%BB%AC-GI%C3%81M,,21.036900,105.835100,88415cb4adfffff
"""Những chiếc cổng"" - Cuộc đối thoại giữa quá khứ và hiện tại",Văn Miếu - Quốc Tử Giám,23/07/26,09:00,09:00,cultural_event,,https://vanmieu.gov.vn/vi/events/event-calendar/ended-events/%22Nh%E1%BB%AFng-chi%E1%BA%BFc-c%E1%BB%95ng%22-Cu%E1%BB%99c-%C4%91%E1%BB%91i-tho%E1%BA%A1i-gi%E1%BB%AFa-qu%C3%A1-kh%E1%BB%A9-v%C3%A0-hi%E1%BB%87n-t%E1%BA%A1i,,21.036900,105.835100,88415cb4adfffff
KHAI MẠC TRIỂN LÃM “QUỐC TỬ GIÁM TRONG NGHỆ THUẬT” TẠI VĂN MIẾU - QUỐC TỬ GIÁM,Văn Miếu - Quốc Tử Giám,23/07/26,09:00,17:00,cultural_event,,https://vanmieu.gov.vn/vi/events/event-calendar/ended-events/KHAI-M%E1%BA%A0C-TRI%E1%BB%82N-L%C3%83M-%E2%80%9CQU%E1%BB%90C-T%E1%BB%AC-GI%C3%81M-TRONG-NGH%E1%BB%86-THU%E1%BA%ACT%E2%80%9D-T%E1%BA%A0I-V%C4%82N-MI%E1%BA%BEU-QU%E1%BB%90C-T%E1%BB%AC-GI%C3%81M,,21.036900,105.835100,88415cb4adfffff
VĂN MIẾU - QUỐC TỬ GIÁM NHỮNG NĂM 1975 QUA NÉT CỌ CỦA HỌA SĨ TRỊNH HỮU NGỌC,Văn Miếu - Quốc Tử Giám,23/07/26,09:00,17:00,cultural_event,,https://vanmieu.gov.vn/vi/events/event-calendar/ended-events/V%C4%82N-MI%E1%BA%BEU-QU%E1%BB%90C-T%E1%BB%AC-GI%C3%81M-NH%E1%BB%AENG-N%C4%82M-1975-QUA-N%C3%89T-C%E1%BB%8C-C%E1%BB%A6A-H%E1%BB%8CA-S%C4%A8-TR%E1%BB%8ANH-H%E1%BB%AEU-NG%E1%BB%8CC,,21.036900,105.835100,88415cb4adfffff
VĂN MIẾU – QUỐC TỬ GIÁM QUA NÉT VẼ CỦA HAI  HỌA SĨ QUỐC TẾ,,23/07/26,09:00,17:00,cultural_event,,https://vanmieu.gov.vn/vi/events/event-calendar/ended-events/V%C4%82N-MI%E1%BA%BEU-%E2%80%93-QU%E1%BB%90C-T%E1%BB%AC-GI%C3%81M-QUA-N%C3%89T-V%E1%BA%BC-C%E1%BB%A6A-HAI-H%E1%BB%8CA-S%C4%A8-QU%E1%BB%90C-T%E1%BA%BE,,,,
“DẤU XƯA VĂN MIẾU – QUỐC TỬ GIÁM QUA NÉT CỌ CỦA CÁC HỌA SĨ PHÁP”,"Tiền Đường, khu Thái Học, Văn Miếu - Quốc Tử Giám",23/07/26,09:00,09:00,cultural_event,,https://vanmieu.gov.vn/vi/events/event-calendar/ended-events/%E2%80%9CD%E1%BA%A4U-X%C6%AFA-V%C4%82N-MI%E1%BA%BEU-%E2%80%93-QU%E1%BB%90C-T%E1%BB%AC-GI%C3%81M-QUA-N%C3%89T-C%E1%BB%8C-C%E1%BB%A6A-C%C3%81C-H%E1%BB%8CA-S%C4%A8-PH%C3%81P%E2%80%9D,,21.036900,105.835100,88415cb4adfffff
Lễ hội 'Tự hào đặc sản Việt',"hệ thống GO!, Tops Market và Mini Go! trên toàn quốc, khai mạc tại Đại siêu thị GO! Thăng Long, Hà Nội",23/08/26,00:00,23:59,festival,,https://lehoivietnam.com.vn/vi/su-kien/6471-e6471-le-hoi-tu-hao-dac-san-viet-proud-of-vietnamese-specialities-festival,,21.013600,105.798900,88415cb491fffff
Triển lãm mỹ thuật quốc gia 2026 “Nghệ thuật và giáo dục: Truyền thống- đương đại”,"tại Đại học sư phạm Hà Nội 136 Xuân Thủy, Cầu Giấy",23/08/26,00:00,23:59,exhibition,,https://lehoivietnam.com.vn/vi/su-kien/6536-e6536-trien-lam-my-thuat-quoc-gia-2026-nghe-thuat-va-giao-duc-truyen-thong-duong-dai,,21.036700,105.801800,88415cb4b1fffff
KHAI MẠC TRIỂN LÃM “NGÀN NĂM DI SẢN” TẠI VĂN MIẾU - QUỐC TỬ GIÁM,"Nhà Tiền Đường, khu Thái Học, di tích Văn Miếu – Quốc Tử Giám",23/08/26,16:00,17:00,cultural_event,,https://vanmieu.gov.vn/vi/events/event-calendar/ended-events/KHAI-M%E1%BA%A0C-TRI%E1%BB%82N-L%C3%83M-%E2%80%9CNG%C3%80N-N%C4%82M-DI-S%E1%BA%A2N%E2%80%9D-T%E1%BA%A0I-V%C4%82N-MI%E1%BA%BEU-QU%E1%BB%90C-T%E1%BB%AC-GI%C3%81M,,21.036900,105.835100,88415cb4adfffff
PHÁT ĐỘNG CUỘC THI “950 NÉT CHỮ”,Văn Miếu – Quốc Tử Giám,23/09/26,09:00,09:00,cultural_event,,https://vanmieu.gov.vn/vi/events/event-calendar/ongoing-events/PH%C3%81T-%C4%90%E1%BB%98NG-CU%E1%BB%98C-THI-%E2%80%9C950-N%C3%89T-CH%E1%BB%AE%E2%80%9D,,21.036900,105.835100,88415cb4adfffff
KHAI MẠC TRIỂN LÃM “NGÀN NĂM DI SẢN” TẠI VĂN MIẾU - QUỐC TỬ GIÁM,"Nhà Tiền Đường, khu Thái Học, di tích Văn Miếu – Quốc Tử Giám",23/09/26,16:00,17:00,cultural_event,,https://vanmieu.gov.vn/vi/events/event-calendar/ended-events/KHAI-M%E1%BA%A0C-TRI%E1%BB%82N-L%C3%83M-%E2%80%9CNG%C3%80N-N%C4%82M-DI-S%E1%BA%A2N%E2%80%9D-T%E1%BA%A0I-V%C4%82N-MI%E1%BA%BEU-QU%E1%BB%90C-T%E1%BB%AC-GI%C3%81M,,21.036900,105.835100,88415cb4adfffff
Tuần phim HIỀN TÀI VÀ HÀO KHÍ THĂNG LONG,,23/09/26,19:30,18:00,cultural_event,,https://vanmieu.gov.vn/vi/events/event-calendar/ended-events/Tu%E1%BA%A7n-phim-HI%E1%BB%80N-T%C3%80I-V%C3%80-H%C3%80O-KH%C3%8D-TH%C4%82NG-LONG,,,,
Triển lãm ảnh Lăng kính Ngoại giao: 50 năm Quan hệ Thái Lan - Việt Nam,"Bảo tàng Mỹ thuật Việt Nam, 66 Nguyễn Thái Học, Hà Nội",24/07/26,00:00,23:59,exhibition,,https://lehoivietnam.com.vn/vi/su-kien/6176-e6176-trien-lam-lang-kinh-ngoai-giao-50-nam-quan-he-thai-lan-viet-nam,,21.030642,105.837036,88415cb4a9fffff
"""Những chiếc cổng"" - Cuộc đối thoại giữa quá khứ và hiện tại",Văn Miếu - Quốc Tử Giám,24/07/26,09:00,09:00,cultural_event,,https://vanmieu.gov.vn/vi/events/event-calendar/ended-events/%22Nh%E1%BB%AFng-chi%E1%BA%BFc-c%E1%BB%95ng%22-Cu%E1%BB%99c-%C4%91%E1%BB%91i-tho%E1%BA%A1i-gi%E1%BB%AFa-qu%C3%A1-kh%E1%BB%A9-v%C3%A0-hi%E1%BB%87n-t%E1%BA%A1i,,21.036900,105.835100,88415cb4adfffff
KHAI MẠC TRIỂN LÃM “QUỐC TỬ GIÁM TRONG NGHỆ THUẬT” TẠI VĂN MIẾU - QUỐC TỬ GIÁM,Văn Miếu - Quốc Tử Giám,24/07/26,09:00,17:00,cultural_event,,https://vanmieu.gov.vn/vi/events/event-calendar/ended-events/KHAI-M%E1%BA%A0C-TRI%E1%BB%82N-L%C3%83M-%E2%80%9CQU%E1%BB%90C-T%E1%BB%AC-GI%C3%81M-TRONG-NGH%E1%BB%86-THU%E1%BA%ACT%E2%80%9D-T%E1%BA%A0I-V%C4%82N-MI%E1%BA%BEU-QU%E1%BB%90C-T%E1%BB%AC-GI%C3%81M,,21.036900,105.835100,88415cb4adfffff
VĂN MIẾU - QUỐC TỬ GIÁM NHỮNG NĂM 1975 QUA NÉT CỌ CỦA HỌA SĨ TRỊNH HỮU NGỌC,Văn Miếu - Quốc Tử Giám,24/07/26,09:00,17:00,cultural_event,,https://vanmieu.gov.vn/vi/events/event-calendar/ended-events/V%C4%82N-MI%E1%BA%BEU-QU%E1%BB%90C-T%E1%BB%AC-GI%C3%81M-NH%E1%BB%AENG-N%C4%82M-1975-QUA-N%C3%89T-C%E1%BB%8C-C%E1%BB%A6A-H%E1%BB%8CA-S%C4%A8-TR%E1%BB%8ANH-H%E1%BB%AEU-NG%E1%BB%8CC,,21.036900,105.835100,88415cb4adfffff
VĂN MIẾU – QUỐC TỬ GIÁM QUA NÉT VẼ CỦA HAI  HỌA SĨ QUỐC TẾ,,24/07/26,09:00,17:00,cultural_event,,https://vanmieu.gov.vn/vi/events/event-calendar/ended-events/V%C4%82N-MI%E1%BA%BEU-%E2%80%93-QU%E1%BB%90C-T%E1%BB%AC-GI%C3%81M-QUA-N%C3%89T-V%E1%BA%BC-C%E1%BB%A6A-HAI-H%E1%BB%8CA-S%C4%A8-QU%E1%BB%90C-T%E1%BA%BE,,,,
“DẤU XƯA VĂN MIẾU – QUỐC TỬ GIÁM QUA NÉT CỌ CỦA CÁC HỌA SĨ PHÁP”,"Tiền Đường, khu Thái Học, Văn Miếu - Quốc Tử Giám",24/07/26,09:00,09:00,cultural_event,,https://vanmieu.gov.vn/vi/events/event-calendar/ended-events/%E2%80%9CD%E1%BA%A4U-X%C6%AFA-V%C4%82N-MI%E1%BA%BEU-%E2%80%93-QU%E1%BB%90C-T%E1%BB%AC-GI%C3%81M-QUA-N%C3%89T-C%E1%BB%8C-C%E1%BB%A6A-C%C3%81C-H%E1%BB%8CA-S%C4%A8-PH%C3%81P%E2%80%9D,,21.036900,105.835100,88415cb4adfffff
Lễ hội 'Tự hào đặc sản Việt',"hệ thống GO!, Tops Market và Mini Go! trên toàn quốc, khai mạc tại Đại siêu thị GO! Thăng Long, Hà Nội",24/08/26,00:00,23:59,festival,,https://lehoivietnam.com.vn/vi/su-kien/6471-e6471-le-hoi-tu-hao-dac-san-viet-proud-of-vietnamese-specialities-festival,,21.013600,105.798900,88415cb491fffff
Triển lãm mỹ thuật quốc gia 2026 “Nghệ thuật và giáo dục: Truyền thống- đương đại”,"tại Đại học sư phạm Hà Nội 136 Xuân Thủy, Cầu Giấy",24/08/26,00:00,23:59,exhibition,,https://lehoivietnam.com.vn/vi/su-kien/6536-e6536-trien-lam-my-thuat-quoc-gia-2026-nghe-thuat-va-giao-duc-truyen-thong-duong-dai,,21.036700,105.801800,88415cb4b1fffff
KHAI MẠC TRIỂN LÃM “NGÀN NĂM DI SẢN” TẠI VĂN MIẾU - QUỐC TỬ GIÁM,"Nhà Tiền Đường, khu Thái Học, di tích Văn Miếu – Quốc Tử Giám",24/08/26,16:00,17:00,cultural_event,,https://vanmieu.gov.vn/vi/events/event-calendar/ended-events/KHAI-M%E1%BA%A0C-TRI%E1%BB%82N-L%C3%83M-%E2%80%9CNG%C3%80N-N%C4%82M-DI-S%E1%BA%A2N%E2%80%9D-T%E1%BA%A0I-V%C4%82N-MI%E1%BA%BEU-QU%E1%BB%90C-T%E1%BB%AC-GI%C3%81M,,21.036900,105.835100,88415cb4adfffff
PHÁT ĐỘNG CUỘC THI “950 NÉT CHỮ”,Văn Miếu – Quốc Tử Giám,24/09/26,09:00,09:00,cultural_event,,https://vanmieu.gov.vn/vi/events/event-calendar/ongoing-events/PH%C3%81T-%C4%90%E1%BB%98NG-CU%E1%BB%98C-THI-%E2%80%9C950-N%C3%89T-CH%E1%BB%AE%E2%80%9D,,21.036900,105.835100,88415cb4adfffff
KHAI MẠC TRIỂN LÃM “NGÀN NĂM DI SẢN” TẠI VĂN MIẾU - QUỐC TỬ GIÁM,"Nhà Tiền Đường, khu Thái Học, di tích Văn Miếu – Quốc Tử Giám",24/09/26,16:00,17:00,cultural_event,,https://vanmieu.gov.vn/vi/events/event-calendar/ended-events/KHAI-M%E1%BA%A0C-TRI%E1%BB%82N-L%C3%83M-%E2%80%9CNG%C3%80N-N%C4%82M-DI-S%E1%BA%A2N%E2%80%9D-T%E1%BA%A0I-V%C4%82N-MI%E1%BA%BEU-QU%E1%BB%90C-T%E1%BB%AC-GI%C3%81M,,21.036900,105.835100,88415cb4adfffff
Tuần phim HIỀN TÀI VÀ HÀO KHÍ THĂNG LONG,,24/09/26,19:30,18:00,cultural_event,,https://vanmieu.gov.vn/vi/events/event-calendar/ended-events/Tu%E1%BA%A7n-phim-HI%E1%BB%80N-T%C3%80I-V%C3%80-H%C3%80O-KH%C3%8D-TH%C4%82NG-LONG,,,,
Triển lãm ảnh Lăng kính Ngoại giao: 50 năm Quan hệ Thái Lan - Việt Nam,"Bảo tàng Mỹ thuật Việt Nam, 66 Nguyễn Thái Học, Hà Nội",25/07/26,00:00,23:59,exhibition,,https://lehoivietnam.com.vn/vi/su-kien/6176-e6176-trien-lam-lang-kinh-ngoai-giao-50-nam-quan-he-thai-lan-viet-nam,,21.030642,105.837036,88415cb4a9fffff
"""Những chiếc cổng"" - Cuộc đối thoại giữa quá khứ và hiện tại",Văn Miếu - Quốc Tử Giám,25/07/26,09:00,09:00,cultural_event,,https://vanmieu.gov.vn/vi/events/event-calendar/ended-events/%22Nh%E1%BB%AFng-chi%E1%BA%BFc-c%E1%BB%95ng%22-Cu%E1%BB%99c-%C4%91%E1%BB%91i-tho%E1%BA%A1i-gi%E1%BB%AFa-qu%C3%A1-kh%E1%BB%A9-v%C3%A0-hi%E1%BB%87n-t%E1%BA%A1i,,21.036900,105.835100,88415cb4adfffff
KHAI MẠC TRIỂN LÃM “QUỐC TỬ GIÁM TRONG NGHỆ THUẬT” TẠI VĂN MIẾU - QUỐC TỬ GIÁM,Văn Miếu - Quốc Tử Giám,25/07/26,09:00,17:00,cultural_event,,https://vanmieu.gov.vn/vi/events/event-calendar/ended-events/KHAI-M%E1%BA%A0C-TRI%E1%BB%82N-L%C3%83M-%E2%80%9CQU%E1%BB%90C-T%E1%BB%AC-GI%C3%81M-TRONG-NGH%E1%BB%86-THU%E1%BA%ACT%E2%80%9D-T%E1%BA%A0I-V%C4%82N-MI%E1%BA%BEU-QU%E1%BB%90C-T%E1%BB%AC-GI%C3%81M,,21.036900,105.835100,88415cb4adfffff
VĂN MIẾU - QUỐC TỬ GIÁM NHỮNG NĂM 1975 QUA NÉT CỌ CỦA HỌA SĨ TRỊNH HỮU NGỌC,Văn Miếu - Quốc Tử Giám,25/07/26,09:00,17:00,cultural_event,,https://vanmieu.gov.vn/vi/events/event-calendar/ended-events/V%C4%82N-MI%E1%BA%BEU-QU%E1%BB%90C-T%E1%BB%AC-GI%C3%81M-NH%E1%BB%AENG-N%C4%82M-1975-QUA-N%C3%89T-C%E1%BB%8C-C%E1%BB%A6A-H%E1%BB%8CA-S%C4%A8-TR%E1%BB%8ANH-H%E1%BB%AEU-NG%E1%BB%8CC,,21.036900,105.835100,88415cb4adfffff
VĂN MIẾU – QUỐC TỬ GIÁM QUA NÉT VẼ CỦA HAI  HỌA SĨ QUỐC TẾ,,25/07/26,09:00,17:00,cultural_event,,https://vanmieu.gov.vn/vi/events/event-calendar/ended-events/V%C4%82N-MI%E1%BA%BEU-%E2%80%93-QU%E1%BB%90C-T%E1%BB%AC-GI%C3%81M-QUA-N%C3%89T-V%E1%BA%BC-C%E1%BB%A6A-HAI-H%E1%BB%8CA-S%C4%A8-QU%E1%BB%90C-T%E1%BA%BE,,,,
“DẤU XƯA VĂN MIẾU – QUỐC TỬ GIÁM QUA NÉT CỌ CỦA CÁC HỌA SĨ PHÁP”,"Tiền Đường, khu Thái Học, Văn Miếu - Quốc Tử Giám",25/07/26,09:00,09:00,cultural_event,,https://vanmieu.gov.vn/vi/events/event-calendar/ended-events/%E2%80%9CD%E1%BA%A4U-X%C6%AFA-V%C4%82N-MI%E1%BA%BEU-%E2%80%93-QU%E1%BB%90C-T%E1%BB%AC-GI%C3%81M-QUA-N%C3%89T-C%E1%BB%8C-C%E1%BB%A6A-C%C3%81C-H%E1%BB%8CA-S%C4%A8-PH%C3%81P%E2%80%9D,,21.036900,105.835100,88415cb4adfffff
(HANOI) LỄ HỘI ẨM THỰC ẤN ĐỘ TẠI HÀ NỘI - INDIAN FOOD FESTIVAL IN HANOI,Benaras Sutra Indian Restaurant,25/07/26,18:00,20:00,festival,,https://ticketbox.vn/le-hoi-am-thuc-an-do-tai-ha-noi-indian-food-festival-in-hanoi-26244,,,,
[L'AMOUR NIGHTS] MYSTIC NIGHTS | CA SĨ TĂNG PHÚC x CA SĨ KAY TRẦN,Cung thiếu nhi Hà Nội,25/07/26,20:00,22:00,concert,,https://ticketbox.vn/lamour-nights-mystic-nights-ca-si-tang-phuc-x-ca-si-kay-tran-26298,,21.028523,105.855060,88415cb4e5fffff
Lễ hội 'Tự hào đặc sản Việt',"hệ thống GO!, Tops Market và Mini Go! trên toàn quốc, khai mạc tại Đại siêu thị GO! Thăng Long, Hà Nội",25/08/26,00:00,23:59,festival,,https://lehoivietnam.com.vn/vi/su-kien/6471-e6471-le-hoi-tu-hao-dac-san-viet-proud-of-vietnamese-specialities-festival,,21.013600,105.798900,88415cb491fffff
Triển lãm mỹ thuật quốc gia 2026 “Nghệ thuật và giáo dục: Truyền thống- đương đại”,"tại Đại học sư phạm Hà Nội 136 Xuân Thủy, Cầu Giấy",25/08/26,00:00,23:59,exhibition,,https://lehoivietnam.com.vn/vi/su-kien/6536-e6536-trien-lam-my-thuat-quoc-gia-2026-nghe-thuat-va-giao-duc-truyen-thong-duong-dai,,21.036700,105.801800,88415cb4b1fffff
"LỄ KÝ KẾT BẢN GHI NHỚ HỢP TÁC TRONG CÔNG TÁC BẢO TỒN, PHÁT HUY GIÁ TRỊ DI SẢN TẠI VĂN MIẾU – QUỐC TỬ GIÁM",Di tích Văn Miếu - Quốc Tử Giám,25/08/26,09:00,11:00,official_or_diplomatic,,"https://vanmieu.gov.vn/vi/events/event-calendar/ended-events/L%E1%BB%84-K%C3%9D-K%E1%BA%BET-B%E1%BA%A2N-GHI-NH%E1%BB%9A-H%E1%BB%A2P-T%C3%81C-TRONG-C%C3%94NG-T%C3%81C-B%E1%BA%A2O-T%E1%BB%92N,-PH%C3%81T-HUY-GI%C3%81-TR%E1%BB%8A-DI-S%E1%BA%A2N-T%E1%BA%A0I-V%C4%82N-MI%E1%BA%BEU-%E2%80%93-QU%E1%BB%90C-T%E1%BB%AC-GI%C3%81M",,21.036900,105.835100,88415cb4adfffff
KHAI MẠC TRIỂN LÃM “NGÀN NĂM DI SẢN” TẠI VĂN MIẾU - QUỐC TỬ GIÁM,"Nhà Tiền Đường, khu Thái Học, di tích Văn Miếu – Quốc Tử Giám",25/08/26,16:00,17:00,cultural_event,,https://vanmieu.gov.vn/vi/events/event-calendar/ended-events/KHAI-M%E1%BA%A0C-TRI%E1%BB%82N-L%C3%83M-%E2%80%9CNG%C3%80N-N%C4%82M-DI-S%E1%BA%A2N%E2%80%9D-T%E1%BA%A0I-V%C4%82N-MI%E1%BA%BEU-QU%E1%BB%90C-T%E1%BB%AC-GI%C3%81M,,21.036900,105.835100,88415cb4adfffff
Festival Tân sinh viên Chuyển đổi xanh,Đại học Bách khoa Hà Nội,25/09/26,00:00,23:59,festival,,https://lehoivietnam.com.vn/vi/su-kien/6911-e6911-festival-tan-sinh-vien-chuyen-doi-xanh,,,,
PHÁT ĐỘNG CUỘC THI “950 NÉT CHỮ”,Văn Miếu – Quốc Tử Giám,25/09/26,09:00,09:00,cultural_event,,https://vanmieu.gov.vn/vi/events/event-calendar/ongoing-events/PH%C3%81T-%C4%90%E1%BB%98NG-CU%E1%BB%98C-THI-%E2%80%9C950-N%C3%89T-CH%E1%BB%AE%E2%80%9D,,21.036900,105.835100,88415cb4adfffff
KHAI MẠC TRIỂN LÃM “NGÀN NĂM DI SẢN” TẠI VĂN MIẾU - QUỐC TỬ GIÁM,"Nhà Tiền Đường, khu Thái Học, di tích Văn Miếu – Quốc Tử Giám",25/09/26,16:00,17:00,cultural_event,,https://vanmieu.gov.vn/vi/events/event-calendar/ended-events/KHAI-M%E1%BA%A0C-TRI%E1%BB%82N-L%C3%83M-%E2%80%9CNG%C3%80N-N%C4%82M-DI-S%E1%BA%A2N%E2%80%9D-T%E1%BA%A0I-V%C4%82N-MI%E1%BA%BEU-QU%E1%BB%90C-T%E1%BB%AC-GI%C3%81M,,21.036900,105.835100,88415cb4adfffff
Tuần phim HIỀN TÀI VÀ HÀO KHÍ THĂNG LONG,,25/09/26,19:30,18:00,cultural_event,,https://vanmieu.gov.vn/vi/events/event-calendar/ended-events/Tu%E1%BA%A7n-phim-HI%E1%BB%80N-T%C3%80I-V%C3%80-H%C3%80O-KH%C3%8D-TH%C4%82NG-LONG,,,,
Triển lãm ảnh Lăng kính Ngoại giao: 50 năm Quan hệ Thái Lan - Việt Nam,"Bảo tàng Mỹ thuật Việt Nam, 66 Nguyễn Thái Học, Hà Nội",26/07/26,00:00,23:59,exhibition,,https://lehoivietnam.com.vn/vi/su-kien/6176-e6176-trien-lam-lang-kinh-ngoai-giao-50-nam-quan-he-thai-lan-viet-nam,,21.030642,105.837036,88415cb4a9fffff
"""Những chiếc cổng"" - Cuộc đối thoại giữa quá khứ và hiện tại",Văn Miếu - Quốc Tử Giám,26/07/26,09:00,09:00,cultural_event,,https://vanmieu.gov.vn/vi/events/event-calendar/ended-events/%22Nh%E1%BB%AFng-chi%E1%BA%BFc-c%E1%BB%95ng%22-Cu%E1%BB%99c-%C4%91%E1%BB%91i-tho%E1%BA%A1i-gi%E1%BB%AFa-qu%C3%A1-kh%E1%BB%A9-v%C3%A0-hi%E1%BB%87n-t%E1%BA%A1i,,21.036900,105.835100,88415cb4adfffff
KHAI MẠC TRIỂN LÃM “QUỐC TỬ GIÁM TRONG NGHỆ THUẬT” TẠI VĂN MIẾU - QUỐC TỬ GIÁM,Văn Miếu - Quốc Tử Giám,26/07/26,09:00,17:00,cultural_event,,https://vanmieu.gov.vn/vi/events/event-calendar/ended-events/KHAI-M%E1%BA%A0C-TRI%E1%BB%82N-L%C3%83M-%E2%80%9CQU%E1%BB%90C-T%E1%BB%AC-GI%C3%81M-TRONG-NGH%E1%BB%86-THU%E1%BA%ACT%E2%80%9D-T%E1%BA%A0I-V%C4%82N-MI%E1%BA%BEU-QU%E1%BB%90C-T%E1%BB%AC-GI%C3%81M,,21.036900,105.835100,88415cb4adfffff
VĂN MIẾU - QUỐC TỬ GIÁM NHỮNG NĂM 1975 QUA NÉT CỌ CỦA HỌA SĨ TRỊNH HỮU NGỌC,Văn Miếu - Quốc Tử Giám,26/07/26,09:00,17:00,cultural_event,,https://vanmieu.gov.vn/vi/events/event-calendar/ended-events/V%C4%82N-MI%E1%BA%BEU-QU%E1%BB%90C-T%E1%BB%AC-GI%C3%81M-NH%E1%BB%AENG-N%C4%82M-1975-QUA-N%C3%89T-C%E1%BB%8C-C%E1%BB%A6A-H%E1%BB%8CA-S%C4%A8-TR%E1%BB%8ANH-H%E1%BB%AEU-NG%E1%BB%8CC,,21.036900,105.835100,88415cb4adfffff
VĂN MIẾU – QUỐC TỬ GIÁM QUA NÉT VẼ CỦA HAI  HỌA SĨ QUỐC TẾ,,26/07/26,09:00,17:00,cultural_event,,https://vanmieu.gov.vn/vi/events/event-calendar/ended-events/V%C4%82N-MI%E1%BA%BEU-%E2%80%93-QU%E1%BB%90C-T%E1%BB%AC-GI%C3%81M-QUA-N%C3%89T-V%E1%BA%BC-C%E1%BB%A6A-HAI-H%E1%BB%8CA-S%C4%A8-QU%E1%BB%90C-T%E1%BA%BE,,,,
“DẤU XƯA VĂN MIẾU – QUỐC TỬ GIÁM QUA NÉT CỌ CỦA CÁC HỌA SĨ PHÁP”,"Tiền Đường, khu Thái Học, Văn Miếu - Quốc Tử Giám",26/07/26,09:00,09:00,cultural_event,,https://vanmieu.gov.vn/vi/events/event-calendar/ended-events/%E2%80%9CD%E1%BA%A4U-X%C6%AFA-V%C4%82N-MI%E1%BA%BEU-%E2%80%93-QU%E1%BB%90C-T%E1%BB%AC-GI%C3%81M-QUA-N%C3%89T-C%E1%BB%8C-C%E1%BB%A6A-C%C3%81C-H%E1%BB%8CA-S%C4%A8-PH%C3%81P%E2%80%9D,,21.036900,105.835100,88415cb4adfffff
Lễ hội 'Tự hào đặc sản Việt',"hệ thống GO!, Tops Market và Mini Go! trên toàn quốc, khai mạc tại Đại siêu thị GO! Thăng Long, Hà Nội",26/08/26,00:00,23:59,festival,,https://lehoivietnam.com.vn/vi/su-kien/6471-e6471-le-hoi-tu-hao-dac-san-viet-proud-of-vietnamese-specialities-festival,,21.013600,105.798900,88415cb491fffff
Triển lãm mỹ thuật quốc gia 2026 “Nghệ thuật và giáo dục: Truyền thống- đương đại”,"tại Đại học sư phạm Hà Nội 136 Xuân Thủy, Cầu Giấy",26/08/26,00:00,23:59,exhibition,,https://lehoivietnam.com.vn/vi/su-kien/6536-e6536-trien-lam-my-thuat-quoc-gia-2026-nghe-thuat-va-giao-duc-truyen-thong-duong-dai,,21.036700,105.801800,88415cb4b1fffff
Sở GDĐT tập huấn triển khai Khung năng lực trí tuệ cảm xúc cho học sinh năm 2026,,26/08/26,07:00,10:00,other,,https://www.hanoi.edu.vn/tin-tuc-su-kien/so-gddt-tap-huan-trien-khai-khung-nang-luc-tri-tue-cam-xuc-cho-hoc-sinh-nam-2026/ctfull/525/17097,,,,
KHAI MẠC TRIỂN LÃM “NGÀN NĂM DI SẢN” TẠI VĂN MIẾU - QUỐC TỬ GIÁM,"Nhà Tiền Đường, khu Thái Học, di tích Văn Miếu – Quốc Tử Giám",26/08/26,16:00,17:00,cultural_event,,https://vanmieu.gov.vn/vi/events/event-calendar/ended-events/KHAI-M%E1%BA%A0C-TRI%E1%BB%82N-L%C3%83M-%E2%80%9CNG%C3%80N-N%C4%82M-DI-S%E1%BA%A2N%E2%80%9D-T%E1%BA%A0I-V%C4%82N-MI%E1%BA%BEU-QU%E1%BB%90C-T%E1%BB%AC-GI%C3%81M,,21.036900,105.835100,88415cb4adfffff
Việt Nam vs Thái Lan,"SVĐQG Mỹ Đình, Hà Nội",26/08/26,20:00,22:00,football,40000,https://vff.org.vn/thong-bao-ban-ve-tran-chung-ket-dt-viet-nam-vs-dt-thai-lan-asean-hyundai-cup-2026/,https://tuoitre.vn/cdv-mo-hoi-truoc-san-my-dinh-cho-viet-nam-dau-thai-lan-100260826160335574.htm,21.063600,105.763900,88415ca61bfffff
[FC SOOBIN] ĐĂNG KÝ SLOT FANZONE HẢO HẢO - LỄ HỘI HẢO VINH DANH,AEON MALL HÀ ĐÔNG - HÀ NỘI,26/09/26,00:00,23:59,festival,,https://ticketbox.vn/fanzone-hao-hao-26604,,20.982800,105.785400,8841436b2bfffff
PHÁT ĐỘNG CUỘC THI “950 NÉT CHỮ”,Văn Miếu – Quốc Tử Giám,26/09/26,09:00,09:00,cultural_event,,https://vanmieu.gov.vn/vi/events/event-calendar/ongoing-events/PH%C3%81T-%C4%90%E1%BB%98NG-CU%E1%BB%98C-THI-%E2%80%9C950-N%C3%89T-CH%E1%BB%AE%E2%80%9D,,21.036900,105.835100,88415cb4adfffff
Tuần phim HIỀN TÀI VÀ HÀO KHÍ THĂNG LONG,,26/09/26,19:30,18:00,cultural_event,,https://vanmieu.gov.vn/vi/events/event-calendar/ended-events/Tu%E1%BA%A7n-phim-HI%E1%BB%80N-T%C3%80I-V%C3%80-H%C3%80O-KH%C3%8D-TH%C4%82NG-LONG,,,,
Triển lãm ảnh Lăng kính Ngoại giao: 50 năm Quan hệ Thái Lan - Việt Nam,"Bảo tàng Mỹ thuật Việt Nam, 66 Nguyễn Thái Học, Hà Nội",27/07/26,00:00,23:59,exhibition,,https://lehoivietnam.com.vn/vi/su-kien/6176-e6176-trien-lam-lang-kinh-ngoai-giao-50-nam-quan-he-thai-lan-viet-nam,,21.030642,105.837036,88415cb4a9fffff
"""Những chiếc cổng"" - Cuộc đối thoại giữa quá khứ và hiện tại",Văn Miếu - Quốc Tử Giám,27/07/26,09:00,09:00,cultural_event,,https://vanmieu.gov.vn/vi/events/event-calendar/ended-events/%22Nh%E1%BB%AFng-chi%E1%BA%BFc-c%E1%BB%95ng%22-Cu%E1%BB%99c-%C4%91%E1%BB%91i-tho%E1%BA%A1i-gi%E1%BB%AFa-qu%C3%A1-kh%E1%BB%A9-v%C3%A0-hi%E1%BB%87n-t%E1%BA%A1i,,21.036900,105.835100,88415cb4adfffff
KHAI MẠC TRIỂN LÃM “QUỐC TỬ GIÁM TRONG NGHỆ THUẬT” TẠI VĂN MIẾU - QUỐC TỬ GIÁM,Văn Miếu - Quốc Tử Giám,27/07/26,09:00,17:00,cultural_event,,https://vanmieu.gov.vn/vi/events/event-calendar/ended-events/KHAI-M%E1%BA%A0C-TRI%E1%BB%82N-L%C3%83M-%E2%80%9CQU%E1%BB%90C-T%E1%BB%AC-GI%C3%81M-TRONG-NGH%E1%BB%86-THU%E1%BA%ACT%E2%80%9D-T%E1%BA%A0I-V%C4%82N-MI%E1%BA%BEU-QU%E1%BB%90C-T%E1%BB%AC-GI%C3%81M,,21.036900,105.835100,88415cb4adfffff
VĂN MIẾU - QUỐC TỬ GIÁM NHỮNG NĂM 1975 QUA NÉT CỌ CỦA HỌA SĨ TRỊNH HỮU NGỌC,Văn Miếu - Quốc Tử Giám,27/07/26,09:00,17:00,cultural_event,,https://vanmieu.gov.vn/vi/events/event-calendar/ended-events/V%C4%82N-MI%E1%BA%BEU-QU%E1%BB%90C-T%E1%BB%AC-GI%C3%81M-NH%E1%BB%AENG-N%C4%82M-1975-QUA-N%C3%89T-C%E1%BB%8C-C%E1%BB%A6A-H%E1%BB%8CA-S%C4%A8-TR%E1%BB%8ANH-H%E1%BB%AEU-NG%E1%BB%8CC,,21.036900,105.835100,88415cb4adfffff
VĂN MIẾU – QUỐC TỬ GIÁM QUA NÉT VẼ CỦA HAI  HỌA SĨ QUỐC TẾ,,27/07/26,09:00,17:00,cultural_event,,https://vanmieu.gov.vn/vi/events/event-calendar/ended-events/V%C4%82N-MI%E1%BA%BEU-%E2%80%93-QU%E1%BB%90C-T%E1%BB%AC-GI%C3%81M-QUA-N%C3%89T-V%E1%BA%BC-C%E1%BB%A6A-HAI-H%E1%BB%8CA-S%C4%A8-QU%E1%BB%90C-T%E1%BA%BE,,,,
“DẤU XƯA VĂN MIẾU – QUỐC TỬ GIÁM QUA NÉT CỌ CỦA CÁC HỌA SĨ PHÁP”,"Tiền Đường, khu Thái Học, Văn Miếu - Quốc Tử Giám",27/07/26,09:00,09:00,cultural_event,,https://vanmieu.gov.vn/vi/events/event-calendar/ended-events/%E2%80%9CD%E1%BA%A4U-X%C6%AFA-V%C4%82N-MI%E1%BA%BEU-%E2%80%93-QU%E1%BB%90C-T%E1%BB%AC-GI%C3%81M-QUA-N%C3%89T-C%E1%BB%8C-C%E1%BB%A6A-C%C3%81C-H%E1%BB%8CA-S%C4%A8-PH%C3%81P%E2%80%9D,,21.036900,105.835100,88415cb4adfffff
Lễ hội 'Tự hào đặc sản Việt',"hệ thống GO!, Tops Market và Mini Go! trên toàn quốc, khai mạc tại Đại siêu thị GO! Thăng Long, Hà Nội",27/08/26,00:00,23:59,festival,,https://lehoivietnam.com.vn/vi/su-kien/6471-e6471-le-hoi-tu-hao-dac-san-viet-proud-of-vietnamese-specialities-festival,,21.013600,105.798900,88415cb491fffff
Triển lãm mỹ thuật quốc gia 2026 “Nghệ thuật và giáo dục: Truyền thống- đương đại”,"tại Đại học sư phạm Hà Nội 136 Xuân Thủy, Cầu Giấy",27/08/26,00:00,23:59,exhibition,,https://lehoivietnam.com.vn/vi/su-kien/6536-e6536-trien-lam-my-thuat-quoc-gia-2026-nghe-thuat-va-giao-duc-truyen-thong-duong-dai,,21.036700,105.801800,88415cb4b1fffff
KHAI MẠC TRIỂN LÃM “NGÀN NĂM DI SẢN” TẠI VĂN MIẾU - QUỐC TỬ GIÁM,"Nhà Tiền Đường, khu Thái Học, di tích Văn Miếu – Quốc Tử Giám",27/08/26,16:00,17:00,cultural_event,,https://vanmieu.gov.vn/vi/events/event-calendar/ended-events/KHAI-M%E1%BA%A0C-TRI%E1%BB%82N-L%C3%83M-%E2%80%9CNG%C3%80N-N%C4%82M-DI-S%E1%BA%A2N%E2%80%9D-T%E1%BA%A0I-V%C4%82N-MI%E1%BA%BEU-QU%E1%BB%90C-T%E1%BB%AC-GI%C3%81M,,21.036900,105.835100,88415cb4adfffff
CUỘC THI TÌM HIỂU VỀ DI TÍCH QUỐC GIA ĐẶC BIỆT VĂN MIẾU -QUỐC TỬ GIÁM,,27/09/26,09:00,09:00,cultural_event,,https://vanmieu.gov.vn/vi/events/event-calendar/ongoing-events/CU%E1%BB%98C-THI-T%C3%8CM-HI%E1%BB%82U-V%E1%BB%80-DI-T%C3%8DCH-QU%E1%BB%90C-GIA-%C4%90%E1%BA%B6C-BI%E1%BB%86T-V%C4%82N-MI%E1%BA%BEU-QU%E1%BB%90C-T%E1%BB%AC-GI%C3%81M,,,,
PHÁT ĐỘNG CUỘC THI “950 NÉT CHỮ”,Văn Miếu – Quốc Tử Giám,27/09/26,09:00,09:00,cultural_event,,https://vanmieu.gov.vn/vi/events/event-calendar/ongoing-events/PH%C3%81T-%C4%90%E1%BB%98NG-CU%E1%BB%98C-THI-%E2%80%9C950-N%C3%89T-CH%E1%BB%AE%E2%80%9D,,21.036900,105.835100,88415cb4adfffff
CUỘC THI TÌM HIỂU VỀ DI TÍCH QUỐC GIA ĐẶC BIỆT VĂN MIẾU - QUỐC TỬ GIÁM CỦA HỌC SINH THCS TẠI HÀ NỘI,"Hồ Văn, di tích Văn Miếu – Quốc Tử Giám",27/09/26,18:45,22:00,cultural_event,,https://vanmieu.gov.vn/vi/events/event-calendar/ended-events/CU%E1%BB%98C-THI-T%C3%8CM-HI%E1%BB%82U-V%E1%BB%80-DI-T%C3%8DCH-QU%E1%BB%90C-GIA-%C4%90%E1%BA%B6C-BI%E1%BB%86T-V%C4%82N-MI%E1%BA%BEU-QU%E1%BB%90C-T%E1%BB%AC-GI%C3%81M-C%E1%BB%A6A-H%E1%BB%8CC-SINH-THCS-T%E1%BA%A0I-H%C3%80-N%E1%BB%98I,,21.036900,105.835100,88415cb4adfffff
Tuần phim HIỀN TÀI VÀ HÀO KHÍ THĂNG LONG,,27/09/26,19:30,18:00,cultural_event,,https://vanmieu.gov.vn/vi/events/event-calendar/ended-events/Tu%E1%BA%A7n-phim-HI%E1%BB%80N-T%C3%80I-V%C3%80-H%C3%80O-KH%C3%8D-TH%C4%82NG-LONG,,,,
Triển lãm ảnh Lăng kính Ngoại giao: 50 năm Quan hệ Thái Lan - Việt Nam,"Bảo tàng Mỹ thuật Việt Nam, 66 Nguyễn Thái Học, Hà Nội",28/07/26,00:00,23:59,exhibition,,https://lehoivietnam.com.vn/vi/su-kien/6176-e6176-trien-lam-lang-kinh-ngoai-giao-50-nam-quan-he-thai-lan-viet-nam,,21.030642,105.837036,88415cb4a9fffff
ĐOÀN ĐẠI BIỂU BAN TỔ CHỨC TRUNG ƯƠNG ĐẢNG NHÂN DÂN CÁCH MẠNG LÀO THĂM DI TÍCH QUỐC GIA ĐẶC BIỆT VĂN MIẾU – QUỐC TỬ GIÁM,Văn Miếu - Quốc Tử Giám,28/07/26,08:00,10:30,official_or_diplomatic,,https://vanmieu.gov.vn/vi/events/event-calendar/ended-events/%C4%90O%C3%80N-%C4%90%E1%BA%A0I-BI%E1%BB%82U-BAN-T%E1%BB%94-CH%E1%BB%A8C-TRUNG-%C6%AF%C6%A0NG-%C4%90%E1%BA%A2NG-NH%C3%82N-D%C3%82N-C%C3%81CH-M%E1%BA%A0NG-L%C3%80O-TH%C4%82M-DI-T%C3%8DCH-QU%E1%BB%90C-GIA-%C4%90%E1%BA%B6C-BI%E1%BB%86T-V%C4%82N-MI%E1%BA%BEU-%E2%80%93-QU%E1%BB%90C-T%E1%BB%AC-GI%C3%81M,,21.036900,105.835100,88415cb4adfffff
"""Những chiếc cổng"" - Cuộc đối thoại giữa quá khứ và hiện tại",Văn Miếu - Quốc Tử Giám,28/07/26,09:00,09:00,cultural_event,,https://vanmieu.gov.vn/vi/events/event-calendar/ended-events/%22Nh%E1%BB%AFng-chi%E1%BA%BFc-c%E1%BB%95ng%22-Cu%E1%BB%99c-%C4%91%E1%BB%91i-tho%E1%BA%A1i-gi%E1%BB%AFa-qu%C3%A1-kh%E1%BB%A9-v%C3%A0-hi%E1%BB%87n-t%E1%BA%A1i,,21.036900,105.835100,88415cb4adfffff
KHAI MẠC TRIỂN LÃM “QUỐC TỬ GIÁM TRONG NGHỆ THUẬT” TẠI VĂN MIẾU - QUỐC TỬ GIÁM,Văn Miếu - Quốc Tử Giám,28/07/26,09:00,17:00,cultural_event,,https://vanmieu.gov.vn/vi/events/event-calendar/ended-events/KHAI-M%E1%BA%A0C-TRI%E1%BB%82N-L%C3%83M-%E2%80%9CQU%E1%BB%90C-T%E1%BB%AC-GI%C3%81M-TRONG-NGH%E1%BB%86-THU%E1%BA%ACT%E2%80%9D-T%E1%BA%A0I-V%C4%82N-MI%E1%BA%BEU-QU%E1%BB%90C-T%E1%BB%AC-GI%C3%81M,,21.036900,105.835100,88415cb4adfffff
VĂN MIẾU - QUỐC TỬ GIÁM NHỮNG NĂM 1975 QUA NÉT CỌ CỦA HỌA SĨ TRỊNH HỮU NGỌC,Văn Miếu - Quốc Tử Giám,28/07/26,09:00,17:00,cultural_event,,https://vanmieu.gov.vn/vi/events/event-calendar/ended-events/V%C4%82N-MI%E1%BA%BEU-QU%E1%BB%90C-T%E1%BB%AC-GI%C3%81M-NH%E1%BB%AENG-N%C4%82M-1975-QUA-N%C3%89T-C%E1%BB%8C-C%E1%BB%A6A-H%E1%BB%8CA-S%C4%A8-TR%E1%BB%8ANH-H%E1%BB%AEU-NG%E1%BB%8CC,,21.036900,105.835100,88415cb4adfffff
VĂN MIẾU – QUỐC TỬ GIÁM QUA NÉT VẼ CỦA HAI  HỌA SĨ QUỐC TẾ,,28/07/26,09:00,17:00,cultural_event,,https://vanmieu.gov.vn/vi/events/event-calendar/ended-events/V%C4%82N-MI%E1%BA%BEU-%E2%80%93-QU%E1%BB%90C-T%E1%BB%AC-GI%C3%81M-QUA-N%C3%89T-V%E1%BA%BC-C%E1%BB%A6A-HAI-H%E1%BB%8CA-S%C4%A8-QU%E1%BB%90C-T%E1%BA%BE,,,,
“DẤU XƯA VĂN MIẾU – QUỐC TỬ GIÁM QUA NÉT CỌ CỦA CÁC HỌA SĨ PHÁP”,"Tiền Đường, khu Thái Học, Văn Miếu - Quốc Tử Giám",28/07/26,09:00,09:00,cultural_event,,https://vanmieu.gov.vn/vi/events/event-calendar/ended-events/%E2%80%9CD%E1%BA%A4U-X%C6%AFA-V%C4%82N-MI%E1%BA%BEU-%E2%80%93-QU%E1%BB%90C-T%E1%BB%AC-GI%C3%81M-QUA-N%C3%89T-C%E1%BB%8C-C%E1%BB%A6A-C%C3%81C-H%E1%BB%8CA-S%C4%A8-PH%C3%81P%E2%80%9D,,21.036900,105.835100,88415cb4adfffff
Lễ hội 'Tự hào đặc sản Việt',"hệ thống GO!, Tops Market và Mini Go! trên toàn quốc, khai mạc tại Đại siêu thị GO! Thăng Long, Hà Nội",28/08/26,00:00,23:59,festival,,https://lehoivietnam.com.vn/vi/su-kien/6471-e6471-le-hoi-tu-hao-dac-san-viet-proud-of-vietnamese-specialities-festival,,21.013600,105.798900,88415cb491fffff
Triển lãm mỹ thuật quốc gia 2026 “Nghệ thuật và giáo dục: Truyền thống- đương đại”,"tại Đại học sư phạm Hà Nội 136 Xuân Thủy, Cầu Giấy",28/08/26,00:00,23:59,exhibition,,https://lehoivietnam.com.vn/vi/su-kien/6536-e6536-trien-lam-my-thuat-quoc-gia-2026-nghe-thuat-va-giao-duc-truyen-thong-duong-dai,,21.036700,105.801800,88415cb4b1fffff
KHAI MẠC TRIỂN LÃM “NGÀN NĂM DI SẢN” TẠI VĂN MIẾU - QUỐC TỬ GIÁM,"Nhà Tiền Đường, khu Thái Học, di tích Văn Miếu – Quốc Tử Giám",28/08/26,16:00,17:00,cultural_event,,https://vanmieu.gov.vn/vi/events/event-calendar/ended-events/KHAI-M%E1%BA%A0C-TRI%E1%BB%82N-L%C3%83M-%E2%80%9CNG%C3%80N-N%C4%82M-DI-S%E1%BA%A2N%E2%80%9D-T%E1%BA%A0I-V%C4%82N-MI%E1%BA%BEU-QU%E1%BB%90C-T%E1%BB%AC-GI%C3%81M,,21.036900,105.835100,88415cb4adfffff
HBAShow:  Mùa Nhớ - Nguyễn Đình Tuấn Dũng,SOL 8 - LIVE STAGE,28/08/26,20:00,23:00,concert,,https://ticketbox.vn/hbashow-mua-nho-nguyen-dinh-tuan-dung-26237,,,,
PHÁT ĐỘNG CUỘC THI “950 NÉT CHỮ”,Văn Miếu – Quốc Tử Giám,28/09/26,09:00,09:00,cultural_event,,https://vanmieu.gov.vn/vi/events/event-calendar/ongoing-events/PH%C3%81T-%C4%90%E1%BB%98NG-CU%E1%BB%98C-THI-%E2%80%9C950-N%C3%89T-CH%E1%BB%AE%E2%80%9D,,21.036900,105.835100,88415cb4adfffff
Tuần phim HIỀN TÀI VÀ HÀO KHÍ THĂNG LONG,,28/09/26,19:30,18:00,cultural_event,,https://vanmieu.gov.vn/vi/events/event-calendar/ended-events/Tu%E1%BA%A7n-phim-HI%E1%BB%80N-T%C3%80I-V%C3%80-H%C3%80O-KH%C3%8D-TH%C4%82NG-LONG,,,,
Triển lãm ảnh Lăng kính Ngoại giao: 50 năm Quan hệ Thái Lan - Việt Nam,"Bảo tàng Mỹ thuật Việt Nam, 66 Nguyễn Thái Học, Hà Nội",29/07/26,00:00,23:59,exhibition,,https://lehoivietnam.com.vn/vi/su-kien/6176-e6176-trien-lam-lang-kinh-ngoai-giao-50-nam-quan-he-thai-lan-viet-nam,,21.030642,105.837036,88415cb4a9fffff
"""Những chiếc cổng"" - Cuộc đối thoại giữa quá khứ và hiện tại",Văn Miếu - Quốc Tử Giám,29/07/26,09:00,09:00,cultural_event,,https://vanmieu.gov.vn/vi/events/event-calendar/ended-events/%22Nh%E1%BB%AFng-chi%E1%BA%BFc-c%E1%BB%95ng%22-Cu%E1%BB%99c-%C4%91%E1%BB%91i-tho%E1%BA%A1i-gi%E1%BB%AFa-qu%C3%A1-kh%E1%BB%A9-v%C3%A0-hi%E1%BB%87n-t%E1%BA%A1i,,21.036900,105.835100,88415cb4adfffff
KHAI MẠC TRIỂN LÃM “QUỐC TỬ GIÁM TRONG NGHỆ THUẬT” TẠI VĂN MIẾU - QUỐC TỬ GIÁM,Văn Miếu - Quốc Tử Giám,29/07/26,09:00,17:00,cultural_event,,https://vanmieu.gov.vn/vi/events/event-calendar/ended-events/KHAI-M%E1%BA%A0C-TRI%E1%BB%82N-L%C3%83M-%E2%80%9CQU%E1%BB%90C-T%E1%BB%AC-GI%C3%81M-TRONG-NGH%E1%BB%86-THU%E1%BA%ACT%E2%80%9D-T%E1%BA%A0I-V%C4%82N-MI%E1%BA%BEU-QU%E1%BB%90C-T%E1%BB%AC-GI%C3%81M,,21.036900,105.835100,88415cb4adfffff
VĂN MIẾU - QUỐC TỬ GIÁM NHỮNG NĂM 1975 QUA NÉT CỌ CỦA HỌA SĨ TRỊNH HỮU NGỌC,Văn Miếu - Quốc Tử Giám,29/07/26,09:00,17:00,cultural_event,,https://vanmieu.gov.vn/vi/events/event-calendar/ended-events/V%C4%82N-MI%E1%BA%BEU-QU%E1%BB%90C-T%E1%BB%AC-GI%C3%81M-NH%E1%BB%AENG-N%C4%82M-1975-QUA-N%C3%89T-C%E1%BB%8C-C%E1%BB%A6A-H%E1%BB%8CA-S%C4%A8-TR%E1%BB%8ANH-H%E1%BB%AEU-NG%E1%BB%8CC,,21.036900,105.835100,88415cb4adfffff
VĂN MIẾU – QUỐC TỬ GIÁM QUA NÉT VẼ CỦA HAI  HỌA SĨ QUỐC TẾ,,29/07/26,09:00,17:00,cultural_event,,https://vanmieu.gov.vn/vi/events/event-calendar/ended-events/V%C4%82N-MI%E1%BA%BEU-%E2%80%93-QU%E1%BB%90C-T%E1%BB%AC-GI%C3%81M-QUA-N%C3%89T-V%E1%BA%BC-C%E1%BB%A6A-HAI-H%E1%BB%8CA-S%C4%A8-QU%E1%BB%90C-T%E1%BA%BE,,,,
“DẤU XƯA VĂN MIẾU – QUỐC TỬ GIÁM QUA NÉT CỌ CỦA CÁC HỌA SĨ PHÁP”,"Tiền Đường, khu Thái Học, Văn Miếu - Quốc Tử Giám",29/07/26,09:00,09:00,cultural_event,,https://vanmieu.gov.vn/vi/events/event-calendar/ended-events/%E2%80%9CD%E1%BA%A4U-X%C6%AFA-V%C4%82N-MI%E1%BA%BEU-%E2%80%93-QU%E1%BB%90C-T%E1%BB%AC-GI%C3%81M-QUA-N%C3%89T-C%E1%BB%8C-C%E1%BB%A6A-C%C3%81C-H%E1%BB%8CA-S%C4%A8-PH%C3%81P%E2%80%9D,,21.036900,105.835100,88415cb4adfffff
Lễ hội 'Tự hào đặc sản Việt',"hệ thống GO!, Tops Market và Mini Go! trên toàn quốc, khai mạc tại Đại siêu thị GO! Thăng Long, Hà Nội",29/08/26,00:00,23:59,festival,,https://lehoivietnam.com.vn/vi/su-kien/6471-e6471-le-hoi-tu-hao-dac-san-viet-proud-of-vietnamese-specialities-festival,,21.013600,105.798900,88415cb491fffff
Triển lãm Dấu ấn vàng son - Những mảnh ghép văn hóa Việt Nam thế kỷ 10,"số 47 Hàng Dầu, Hà Nội",29/08/26,00:00,23:59,exhibition,,https://lehoivietnam.com.vn/vi/su-kien/6622-e6622-trien-lam-dau-an-vang-son-nhung-manh-ghep-van-hoa-viet-nam-the-ky-10,,21.031824,105.853884,88415cb4e5fffff
KHAI MẠC TRIỂN LÃM “NGÀN NĂM DI SẢN” TẠI VĂN MIẾU - QUỐC TỬ GIÁM,"Nhà Tiền Đường, khu Thái Học, di tích Văn Miếu – Quốc Tử Giám",29/08/26,16:00,17:00,cultural_event,,https://vanmieu.gov.vn/vi/events/event-calendar/ended-events/KHAI-M%E1%BA%A0C-TRI%E1%BB%82N-L%C3%83M-%E2%80%9CNG%C3%80N-N%C4%82M-DI-S%E1%BA%A2N%E2%80%9D-T%E1%BA%A0I-V%C4%82N-MI%E1%BA%BEU-QU%E1%BB%90C-T%E1%BB%AC-GI%C3%81M,,21.036900,105.835100,88415cb4adfffff
Triển lãm ảnh Lăng kính Ngoại giao: 50 năm Quan hệ Thái Lan - Việt Nam,"Bảo tàng Mỹ thuật Việt Nam, 66 Nguyễn Thái Học, Hà Nội",30/07/26,00:00,23:59,exhibition,,https://lehoivietnam.com.vn/vi/su-kien/6176-e6176-trien-lam-lang-kinh-ngoai-giao-50-nam-quan-he-thai-lan-viet-nam,,21.030642,105.837036,88415cb4a9fffff
"""Những chiếc cổng"" - Cuộc đối thoại giữa quá khứ và hiện tại",Văn Miếu - Quốc Tử Giám,30/07/26,09:00,09:00,cultural_event,,https://vanmieu.gov.vn/vi/events/event-calendar/ended-events/%22Nh%E1%BB%AFng-chi%E1%BA%BFc-c%E1%BB%95ng%22-Cu%E1%BB%99c-%C4%91%E1%BB%91i-tho%E1%BA%A1i-gi%E1%BB%AFa-qu%C3%A1-kh%E1%BB%A9-v%C3%A0-hi%E1%BB%87n-t%E1%BA%A1i,,21.036900,105.835100,88415cb4adfffff
KHAI MẠC TRIỂN LÃM “QUỐC TỬ GIÁM TRONG NGHỆ THUẬT” TẠI VĂN MIẾU - QUỐC TỬ GIÁM,Văn Miếu - Quốc Tử Giám,30/07/26,09:00,17:00,cultural_event,,https://vanmieu.gov.vn/vi/events/event-calendar/ended-events/KHAI-M%E1%BA%A0C-TRI%E1%BB%82N-L%C3%83M-%E2%80%9CQU%E1%BB%90C-T%E1%BB%AC-GI%C3%81M-TRONG-NGH%E1%BB%86-THU%E1%BA%ACT%E2%80%9D-T%E1%BA%A0I-V%C4%82N-MI%E1%BA%BEU-QU%E1%BB%90C-T%E1%BB%AC-GI%C3%81M,,21.036900,105.835100,88415cb4adfffff
VĂN MIẾU - QUỐC TỬ GIÁM NHỮNG NĂM 1975 QUA NÉT CỌ CỦA HỌA SĨ TRỊNH HỮU NGỌC,Văn Miếu - Quốc Tử Giám,30/07/26,09:00,17:00,cultural_event,,https://vanmieu.gov.vn/vi/events/event-calendar/ended-events/V%C4%82N-MI%E1%BA%BEU-QU%E1%BB%90C-T%E1%BB%AC-GI%C3%81M-NH%E1%BB%AENG-N%C4%82M-1975-QUA-N%C3%89T-C%E1%BB%8C-C%E1%BB%A6A-H%E1%BB%8CA-S%C4%A8-TR%E1%BB%8ANH-H%E1%BB%AEU-NG%E1%BB%8CC,,21.036900,105.835100,88415cb4adfffff
VĂN MIẾU – QUỐC TỬ GIÁM QUA NÉT VẼ CỦA HAI  HỌA SĨ QUỐC TẾ,,30/07/26,09:00,17:00,cultural_event,,https://vanmieu.gov.vn/vi/events/event-calendar/ended-events/V%C4%82N-MI%E1%BA%BEU-%E2%80%93-QU%E1%BB%90C-T%E1%BB%AC-GI%C3%81M-QUA-N%C3%89T-V%E1%BA%BC-C%E1%BB%A6A-HAI-H%E1%BB%8CA-S%C4%A8-QU%E1%BB%90C-T%E1%BA%BE,,,,
“DẤU XƯA VĂN MIẾU – QUỐC TỬ GIÁM QUA NÉT CỌ CỦA CÁC HỌA SĨ PHÁP”,"Tiền Đường, khu Thái Học, Văn Miếu - Quốc Tử Giám",30/07/26,09:00,09:00,cultural_event,,https://vanmieu.gov.vn/vi/events/event-calendar/ended-events/%E2%80%9CD%E1%BA%A4U-X%C6%AFA-V%C4%82N-MI%E1%BA%BEU-%E2%80%93-QU%E1%BB%90C-T%E1%BB%AC-GI%C3%81M-QUA-N%C3%89T-C%E1%BB%8C-C%E1%BB%A6A-C%C3%81C-H%E1%BB%8CA-S%C4%A8-PH%C3%81P%E2%80%9D,,21.036900,105.835100,88415cb4adfffff
Lễ hội 'Tự hào đặc sản Việt',"hệ thống GO!, Tops Market và Mini Go! trên toàn quốc, khai mạc tại Đại siêu thị GO! Thăng Long, Hà Nội",30/08/26,00:00,23:59,festival,,https://lehoivietnam.com.vn/vi/su-kien/6471-e6471-le-hoi-tu-hao-dac-san-viet-proud-of-vietnamese-specialities-festival,,21.013600,105.798900,88415cb491fffff
Triển lãm Dấu ấn vàng son - Những mảnh ghép văn hóa Việt Nam thế kỷ 10,"số 47 Hàng Dầu, Hà Nội",30/08/26,00:00,23:59,exhibition,,https://lehoivietnam.com.vn/vi/su-kien/6622-e6622-trien-lam-dau-an-vang-son-nhung-manh-ghep-van-hoa-viet-nam-the-ky-10,,21.031824,105.853884,88415cb4e5fffff
KHAI MẠC TRIỂN LÃM “NGÀN NĂM DI SẢN” TẠI VĂN MIẾU - QUỐC TỬ GIÁM,"Nhà Tiền Đường, khu Thái Học, di tích Văn Miếu – Quốc Tử Giám",30/08/26,16:00,17:00,cultural_event,,https://vanmieu.gov.vn/vi/events/event-calendar/ended-events/KHAI-M%E1%BA%A0C-TRI%E1%BB%82N-L%C3%83M-%E2%80%9CNG%C3%80N-N%C4%82M-DI-S%E1%BA%A2N%E2%80%9D-T%E1%BA%A0I-V%C4%82N-MI%E1%BA%BEU-QU%E1%BB%90C-T%E1%BB%AC-GI%C3%81M,,21.036900,105.835100,88415cb4adfffff
[The Blueverse] NHỮNG NGÀY SAU ĐÓ - Vương Anh Tú - 14 Casper - Bon Nghiêm,Nhà Hát Âu Cơ,30/08/26,20:00,22:00,concert,,https://ticketbox.vn/the-blueverse-nhung-ngay-sau-do-26420,,21.028500,105.852700,88415cb4e5fffff
"""Những chiếc cổng"" - Cuộc đối thoại giữa quá khứ và hiện tại",Văn Miếu - Quốc Tử Giám,31/07/26,09:00,09:00,cultural_event,,https://vanmieu.gov.vn/vi/events/event-calendar/ended-events/%22Nh%E1%BB%AFng-chi%E1%BA%BFc-c%E1%BB%95ng%22-Cu%E1%BB%99c-%C4%91%E1%BB%91i-tho%E1%BA%A1i-gi%E1%BB%AFa-qu%C3%A1-kh%E1%BB%A9-v%C3%A0-hi%E1%BB%87n-t%E1%BA%A1i,,21.036900,105.835100,88415cb4adfffff
KHAI MẠC TRIỂN LÃM “QUỐC TỬ GIÁM TRONG NGHỆ THUẬT” TẠI VĂN MIẾU - QUỐC TỬ GIÁM,Văn Miếu - Quốc Tử Giám,31/07/26,09:00,17:00,cultural_event,,https://vanmieu.gov.vn/vi/events/event-calendar/ended-events/KHAI-M%E1%BA%A0C-TRI%E1%BB%82N-L%C3%83M-%E2%80%9CQU%E1%BB%90C-T%E1%BB%AC-GI%C3%81M-TRONG-NGH%E1%BB%86-THU%E1%BA%ACT%E2%80%9D-T%E1%BA%A0I-V%C4%82N-MI%E1%BA%BEU-QU%E1%BB%90C-T%E1%BB%AC-GI%C3%81M,,21.036900,105.835100,88415cb4adfffff
VĂN MIẾU - QUỐC TỬ GIÁM NHỮNG NĂM 1975 QUA NÉT CỌ CỦA HỌA SĨ TRỊNH HỮU NGỌC,Văn Miếu - Quốc Tử Giám,31/07/26,09:00,17:00,cultural_event,,https://vanmieu.gov.vn/vi/events/event-calendar/ended-events/V%C4%82N-MI%E1%BA%BEU-QU%E1%BB%90C-T%E1%BB%AC-GI%C3%81M-NH%E1%BB%AENG-N%C4%82M-1975-QUA-N%C3%89T-C%E1%BB%8C-C%E1%BB%A6A-H%E1%BB%8CA-S%C4%A8-TR%E1%BB%8ANH-H%E1%BB%AEU-NG%E1%BB%8CC,,21.036900,105.835100,88415cb4adfffff
VĂN MIẾU – QUỐC TỬ GIÁM QUA NÉT VẼ CỦA HAI  HỌA SĨ QUỐC TẾ,,31/07/26,09:00,17:00,cultural_event,,https://vanmieu.gov.vn/vi/events/event-calendar/ended-events/V%C4%82N-MI%E1%BA%BEU-%E2%80%93-QU%E1%BB%90C-T%E1%BB%AC-GI%C3%81M-QUA-N%C3%89T-V%E1%BA%BC-C%E1%BB%A6A-HAI-H%E1%BB%8CA-S%C4%A8-QU%E1%BB%90C-T%E1%BA%BE,,,,
“DẤU XƯA VĂN MIẾU – QUỐC TỬ GIÁM QUA NÉT CỌ CỦA CÁC HỌA SĨ PHÁP”,"Tiền Đường, khu Thái Học, Văn Miếu - Quốc Tử Giám",31/07/26,09:00,09:00,cultural_event,,https://vanmieu.gov.vn/vi/events/event-calendar/ended-events/%E2%80%9CD%E1%BA%A4U-X%C6%AFA-V%C4%82N-MI%E1%BA%BEU-%E2%80%93-QU%E1%BB%90C-T%E1%BB%AC-GI%C3%81M-QUA-N%C3%89T-C%E1%BB%8C-C%E1%BB%A6A-C%C3%81C-H%E1%BB%8CA-S%C4%A8-PH%C3%81P%E2%80%9D,,21.036900,105.835100,88415cb4adfffff
Việt Nam vs Singapore,"SVĐQG Mỹ Đình, Hà Nội",31/07/26,20:00,22:00,football,31569,https://vff.org.vn/thong-bao-ban-ve-truc-tiep-tran-dau-giua-dt-viet-nam-va-dt-singapore-hyundai-cup-2026/,https://vnexpress.net/viet-nam-dong-khan-gia-nhat-vong-bang-asean-cup-2026-5107780.html,21.063600,105.763900,88415ca61bfffff
[THE BLUEVERSE] MIDNIGHT - Hà An Huy - Hồ Đông Quan - SWAN - lighT,Nhà Hát Âu Cơ,31/07/26,20:00,22:00,concert,,https://ticketbox.vn/the-blueverse-midnight-ha-an-huy-ho-dong-quan-swan-light-26209,,21.028500,105.852700,88415cb4e5fffff
Lễ hội 'Tự hào đặc sản Việt',"hệ thống GO!, Tops Market và Mini Go! trên toàn quốc, khai mạc tại Đại siêu thị GO! Thăng Long, Hà Nội",31/08/26,00:00,23:59,festival,,https://lehoivietnam.com.vn/vi/su-kien/6471-e6471-le-hoi-tu-hao-dac-san-viet-proud-of-vietnamese-specialities-festival,,21.013600,105.798900,88415cb491fffff
Triển lãm Dấu ấn vàng son - Những mảnh ghép văn hóa Việt Nam thế kỷ 10,"số 47 Hàng Dầu, Hà Nội",31/08/26,00:00,23:59,exhibition,,https://lehoivietnam.com.vn/vi/su-kien/6622-e6622-trien-lam-dau-an-vang-son-nhung-manh-ghep-van-hoa-viet-nam-the-ky-10,,21.031824,105.853884,88415cb4e5fffff
KHAI MẠC TRIỂN LÃM “NGÀN NĂM DI SẢN” TẠI VĂN MIẾU - QUỐC TỬ GIÁM,"Nhà Tiền Đường, khu Thái Học, di tích Văn Miếu – Quốc Tử Giám",31/08/26,16:00,17:00,cultural_event,,https://vanmieu.gov.vn/vi/events/event-calendar/ended-events/KHAI-M%E1%BA%A0C-TRI%E1%BB%82N-L%C3%83M-%E2%80%9CNG%C3%80N-N%C4%82M-DI-S%E1%BA%A2N%E2%80%9D-T%E1%BA%A0I-V%C4%82N-MI%E1%BA%BEU-QU%E1%BB%90C-T%E1%BB%AC-GI%C3%81M,,21.036900,105.835100,88415cb4adfffff
